CREATE DATABASE  IF NOT EXISTS `personal_project` /*!40100 DEFAULT CHARACTER SET utf8mb4 COLLATE utf8mb4_0900_ai_ci */ /*!80016 DEFAULT ENCRYPTION='N' */;
USE `personal_project`;
-- MySQL dump 10.13  Distrib 8.0.36, for Win64 (x86_64)
--
-- Host: stylish.ctqg0koakfxs.ap-southeast-2.rds.amazonaws.com    Database: personal_project
-- ------------------------------------------------------
-- Server version	8.0.36

/*!40101 SET @OLD_CHARACTER_SET_CLIENT=@@CHARACTER_SET_CLIENT */;
/*!40101 SET @OLD_CHARACTER_SET_RESULTS=@@CHARACTER_SET_RESULTS */;
/*!40101 SET @OLD_COLLATION_CONNECTION=@@COLLATION_CONNECTION */;
/*!50503 SET NAMES utf8 */;
/*!40103 SET @OLD_TIME_ZONE=@@TIME_ZONE */;
/*!40103 SET TIME_ZONE='+00:00' */;
/*!40014 SET @OLD_UNIQUE_CHECKS=@@UNIQUE_CHECKS, UNIQUE_CHECKS=0 */;
/*!40014 SET @OLD_FOREIGN_KEY_CHECKS=@@FOREIGN_KEY_CHECKS, FOREIGN_KEY_CHECKS=0 */;
/*!40101 SET @OLD_SQL_MODE=@@SQL_MODE, SQL_MODE='NO_AUTO_VALUE_ON_ZERO' */;
/*!40111 SET @OLD_SQL_NOTES=@@SQL_NOTES, SQL_NOTES=0 */;
SET @MYSQLDUMP_TEMP_LOG_BIN = @@SESSION.SQL_LOG_BIN;
SET @@SESSION.SQL_LOG_BIN= 0;

--
-- GTID state at the beginning of the backup 
--

SET @@GLOBAL.GTID_PURGED=/*!80000 '+'*/ '';

--
-- Table structure for table `audience`
--

DROP TABLE IF EXISTS `audience`;
/*!40101 SET @saved_cs_client     = @@character_set_client */;
/*!50503 SET character_set_client = utf8mb4 */;
CREATE TABLE `audience` (
  `id` bigint NOT NULL AUTO_INCREMENT,
  `name` text,
  `email` varchar(255) DEFAULT NULL,
  `birthday` varchar(10) DEFAULT NULL,
  `audience_uuid` varchar(200) DEFAULT NULL,
  `mailcount` int DEFAULT NULL,
  `opencount` int DEFAULT NULL,
  `clickcount` int DEFAULT NULL,
  `create_time` timestamp NULL DEFAULT NULL,
  `company_id` bigint DEFAULT NULL,
  PRIMARY KEY (`id`),
  UNIQUE KEY `uk_audience` (`company_id`,`email`),
  CONSTRAINT `audience_ibfk_1` FOREIGN KEY (`company_id`) REFERENCES `company` (`id`) ON DELETE CASCADE ON UPDATE CASCADE
) ENGINE=InnoDB AUTO_INCREMENT=61 DEFAULT CHARSET=utf8mb4 COLLATE=utf8mb4_0900_ai_ci;
/*!40101 SET character_set_client = @saved_cs_client */;

--
-- Dumping data for table `audience`
--

LOCK TABLES `audience` WRITE;
/*!40000 ALTER TABLE `audience` DISABLE KEYS */;
INSERT INTO `audience` VALUES (2,'Jane Smith','xppp3082@gmail.com','1995-05-15','551e8400-e29b-41d4-a716-446655440001',90,57,12,'2024-04-11 04:01:37',11),(3,'Bob Johnson','xppp3082@arch.nctu.edu.tw','2007-09-23','552e8400-e29b-41d4-a716-446655440002',90,70,16,'2024-04-11 04:01:37',11),(16,'Jane Jacobs','testUser@example.com','2000-06-22','7543837e-55a4-41ba-a459-037ec9679331',17,0,0,'2024-04-22 17:05:55',11),(18,'James Harden Jr.','test7890@example.com','1998-06-24','2b819d42-a707-4e91-9d77-ed507ee48425',1,0,0,'2024-04-23 09:19:39',11),(26,'kawhi Leonard','kawhi@example.com','1991-06-29','7ec89776-1cd5-401c-ba17-7a882e38133c',17,0,0,'2024-04-25 20:29:35',11),(29,'Stephen Curry','sc30@example.com','1988-03-14','74b44aa2-6ec0-4d58-8a92-51964b6c9bc0',29,0,0,'2024-04-25 21:40:26',11),(39,'John Doe Jr.','xppp3081@gmail.com','1975-01-01','7cfac586-cb76-43fd-ba88-7443ff2dab6e',93,102,44,'2024-05-07 16:44:24',11),(53,'Leslie Chou','leslie20100430@gmail.com','2000-07-08','ec03bb5e-c893-4fd2-ab61-ded66b71e7af',2,6,3,'2024-05-09 13:15:25',11),(54,'ferris110443','ferris110443@hotmail.com.tw','2024-05-09','bb54f3a8-1efe-410d-9c9f-be95ed8e616f',2,0,0,'2024-05-09 13:24:35',19),(56,'ferris110443','ferris110443@gmail.com','2024-05-09','e5697695-353d-41f8-acae-e748b1ccda1c',1,5,2,'2024-05-09 13:37:34',19),(57,'Alice','test55@test.com','2024-05-29','712f3049-78af-48d3-9fe2-5c75eb76fdd7',0,0,0,'2024-05-09 23:13:04',20),(59,'Alice','aaa@gmail.com','2024-05-15','89be3e87-4228-4cc5-9e9b-f53419cadb71',0,0,0,'2024-05-09 23:19:15',20);
/*!40000 ALTER TABLE `audience` ENABLE KEYS */;
UNLOCK TABLES;

--
-- Table structure for table `automation`
--

DROP TABLE IF EXISTS `automation`;
/*!40101 SET @saved_cs_client     = @@character_set_client */;
/*!50503 SET character_set_client = utf8mb4 */;
CREATE TABLE `automation` (
  `id` int NOT NULL AUTO_INCREMENT,
  `description` text,
  PRIMARY KEY (`id`)
) ENGINE=InnoDB AUTO_INCREMENT=4 DEFAULT CHARSET=utf8mb4 COLLATE=utf8mb4_0900_ai_ci;
/*!40101 SET character_set_client = @saved_cs_client */;

--
-- Dumping data for table `automation`
--

LOCK TABLES `automation` WRITE;
/*!40000 ALTER TABLE `automation` DISABLE KEYS */;
INSERT INTO `automation` VALUES (1,'Now'),(2,'Birthday'),(3,'Anniversary');
/*!40000 ALTER TABLE `automation` ENABLE KEYS */;
UNLOCK TABLES;

--
-- Table structure for table `campaign`
--

DROP TABLE IF EXISTS `campaign`;
/*!40101 SET @saved_cs_client     = @@character_set_client */;
/*!50503 SET character_set_client = utf8mb4 */;
CREATE TABLE `campaign` (
  `id` bigint NOT NULL AUTO_INCREMENT,
  `template_id` bigint DEFAULT NULL,
  `subject` text,
  `target_date` date DEFAULT NULL,
  `status` varchar(20) DEFAULT NULL,
  `tag_id` bigint DEFAULT NULL,
  `automation_id` int DEFAULT NULL,
  `execute_status` varchar(20) DEFAULT NULL,
  `target_datetime` timestamp NULL DEFAULT NULL,
  PRIMARY KEY (`id`),
  KEY `tag_id` (`tag_id`),
  KEY `automation_id` (`automation_id`),
  KEY `template_id` (`template_id`),
  CONSTRAINT `campaign_ibfk_1` FOREIGN KEY (`tag_id`) REFERENCES `tag` (`id`),
  CONSTRAINT `campaign_ibfk_2` FOREIGN KEY (`automation_id`) REFERENCES `automation` (`id`),
  CONSTRAINT `campaign_ibfk_3` FOREIGN KEY (`template_id`) REFERENCES `template` (`id`) ON DELETE CASCADE ON UPDATE CASCADE
) ENGINE=InnoDB AUTO_INCREMENT=131 DEFAULT CHARSET=utf8mb4 COLLATE=utf8mb4_0900_ai_ci;
/*!40101 SET character_set_client = @saved_cs_client */;

--
-- Dumping data for table `campaign`
--

LOCK TABLES `campaign` WRITE;
/*!40000 ALTER TABLE `campaign` DISABLE KEYS */;
INSERT INTO `campaign` VALUES (15,16,'春裝全新上市','2024-04-25','DRAFT',4,NULL,'COMPLETE','2024-04-20 13:25:00'),(32,7,'宣傳文案',NULL,'COMPLETED',4,NULL,'COMPLETE','2024-06-01 13:00:00'),(40,22,'2024萬聖慶',NULL,'COMPLETED',4,NULL,'COMPLETE','2024-10-30 12:00:00'),(44,7,'全虹製片，絕對專業',NULL,'COMPLETED',4,NULL,'COMPLETE','2024-05-03 07:00:00'),(48,7,'全虹周年慶，滿額送好禮',NULL,'COMPLETED',12,NULL,'PENDING','2024-09-26 04:00:00'),(49,24,'中秋慶',NULL,'COMPLETED',40,NULL,'COMPLETE','2024-05-15 04:00:00'),(74,36,'https://sharewords.org/',NULL,'COMPLETED',NULL,NULL,'PENDING','2024-05-09 04:00:00'),(75,36,'https://sharewords.org/',NULL,'COMPLETED',NULL,NULL,'PENDING','2024-05-09 04:00:00'),(78,36,'sharewords',NULL,'DRAFT',NULL,NULL,'PENDING','2024-05-09 04:00:00'),(82,36,'sharewords',NULL,'COMPLETED',71,NULL,'COMPLETE','2024-05-09 04:00:00'),(83,38,'test',NULL,'DRAFT',NULL,NULL,'PENDING','2024-05-10 04:00:00'),(84,38,'testingh',NULL,'COMPLETED',NULL,NULL,'PENDING','2024-05-18 04:00:00'),(87,38,'testinghlllllllllllllllllllllllllllllllllllllllllllllllllllllllllllllllllllllllllllllllllllllllllllllllllllllllllllllllllllllllllllllllllllllllllllllllllllllllllllllllllllllllllllllllllllllllllllllll,,',NULL,'DRAFT',NULL,NULL,'PENDING','2024-05-17 04:00:00'),(88,38,'testingh',NULL,'COMPLETED',NULL,NULL,'PENDING','2024-05-24 04:00:00'),(89,38,'ewvregv',NULL,'COMPLETED',NULL,NULL,'COMPLETE','2024-05-12 04:00:00'),(91,38,'542352',NULL,'COMPLETED',NULL,NULL,'PENDING','2024-05-31 04:00:00'),(92,38,'串接測試',NULL,'COMPLETED',96,NULL,'PENDING','2024-05-31 04:00:00'),(93,38,'12345678',NULL,'COMPLETED',97,NULL,'PENDING','2024-05-31 04:00:00'),(104,30,'母親節',NULL,'COMPLETED',100,NULL,'COMPLETE','2024-05-31 04:00:00'),(105,22,'2024 萬聖夜',NULL,'DRAFT',4,NULL,'PENDING','2024-10-29 16:00:00'),(130,53,'?慶端午、享美好！ ?',NULL,'COMPLETED',101,NULL,'COMPLETE','2024-06-10 04:00:00');
/*!40000 ALTER TABLE `campaign` ENABLE KEYS */;
UNLOCK TABLES;

--
-- Table structure for table `company`
--

DROP TABLE IF EXISTS `company`;
/*!40101 SET @saved_cs_client     = @@character_set_client */;
/*!50503 SET character_set_client = utf8mb4 */;
CREATE TABLE `company` (
  `id` bigint NOT NULL AUTO_INCREMENT,
  `title` varchar(100) DEFAULT NULL,
  `description` varchar(255) DEFAULT NULL,
  `industry` varchar(100) DEFAULT NULL,
  `company_uuid` varchar(200) DEFAULT NULL,
  `anniversary` date DEFAULT NULL,
  `account` varchar(255) DEFAULT NULL,
  `password` varchar(255) DEFAULT NULL,
  PRIMARY KEY (`id`),
  UNIQUE KEY `account` (`account`)
) ENGINE=InnoDB AUTO_INCREMENT=21 DEFAULT CHARSET=utf8mb4 COLLATE=utf8mb4_0900_ai_ci;
/*!40101 SET character_set_client = @saved_cs_client */;

--
-- Dumping data for table `company`
--

LOCK TABLES `company` WRITE;
/*!40000 ALTER TABLE `company` DISABLE KEYS */;
INSERT INTO `company` VALUES (1,'testCompany1','This is a company for test.','software development','19ef56c6-8749-34f2-6a0a-22e1eb43a244','2010-09-10','xppp3081@gmail.com',NULL),(2,'阿寬公司','一間新創公司','software development',NULL,'2020-04-17','test123@example.com','$2a$10$BTHpK1XD71nsjiDx2wPN3.uabGPwBDXJIV7wdh0CdEgb6wbdbk7ia'),(11,'阿寬公司','一間新創公司','software development','0ad90edd-628f-4d06-b328-3ac1db851067','2020-04-17','test12345@example.com','$2a$10$afwv17xFEKTmUtRzAENcuuMStFrSLBt3T2UnVZKs3EEGBv49xteJ6'),(15,'阿寬王有限公司','無','engineering','ea575d80-fd93-4930-a1da-07ff32f53bc1','2019-03-12','lin8756112@example.com','$2a$10$IqYSaJuPLDiwzDw9zu3qpeD4WiAqv/AwnDCkIIV7FyBVJZB/3Hjbq'),(16,'阿朵公司','一間新創公司','software development','49c2f950-1a5f-4ef5-9a7e-114083fe567d','2020-04-17','test5555@example.com','$2a$10$cSwi6dnLDIG9V8MxxwSdrOFOOLWvvZAOm8fWP3hNu7MkRYRtQv1Ce'),(17,'阿寬王公司','','finance','7d59c40b-9e4a-45a1-b022-ed411e6a563e','2003-05-15','lin8756112222@example.com','$2a$10$AmKynwpzQ0V9kzdZhTw9Ye7V3O11zwtYrrub2AtMEeQXutYCHTVCy'),(18,'小周公司','一間新創公司','software development','cfafea79-3f96-4f15-960b-ce55c933232b','2024-05-09','chou@example.com','$2a$10$DbVgoEgEPsNV9YgprfgeGOLxskcPKzdtyJChNH96rHqooNVt0.2Nm'),(19,'宇培公司','一間新創公司','software development','c1fcb2cc-1fb9-4e72-aade-e27a0365ff8e','2024-05-09','pei@example.com','$2a$10$HLGeEMu4CzcwQEh9ORkC5ezXIxiALZNpZZ2SogczfKaFybm76rm7S'),(20,'伊茜公司','一間新創公司','software development','dc29cc05-5443-4436-81ee-8005a6a08f37','2024-05-09','yichen@example.com','$2a$10$.IwzTJ4Bf0L4ZWddQe2tC.oxhmHROWPuQPrwkMtks/Hr3LfmJInqm');
/*!40000 ALTER TABLE `company` ENABLE KEYS */;
UNLOCK TABLES;

--
-- Table structure for table `eventType`
--

DROP TABLE IF EXISTS `eventType`;
/*!40101 SET @saved_cs_client     = @@character_set_client */;
/*!50503 SET character_set_client = utf8mb4 */;
CREATE TABLE `eventType` (
  `id` int NOT NULL AUTO_INCREMENT,
  `name` varchar(20) DEFAULT NULL,
  PRIMARY KEY (`id`)
) ENGINE=InnoDB AUTO_INCREMENT=5 DEFAULT CHARSET=utf8mb4 COLLATE=utf8mb4_0900_ai_ci;
/*!40101 SET character_set_client = @saved_cs_client */;

--
-- Dumping data for table `eventType`
--

LOCK TABLES `eventType` WRITE;
/*!40000 ALTER TABLE `eventType` DISABLE KEYS */;
INSERT INTO `eventType` VALUES (1,'unreceive'),(2,'receive'),(3,'open'),(4,'click');
/*!40000 ALTER TABLE `eventType` ENABLE KEYS */;
UNLOCK TABLES;

--
-- Table structure for table `event_tracking`
--

DROP TABLE IF EXISTS `event_tracking`;
/*!40101 SET @saved_cs_client     = @@character_set_client */;
/*!50503 SET character_set_client = utf8mb4 */;
CREATE TABLE `event_tracking` (
  `id` bigint NOT NULL AUTO_INCREMENT,
  `campaign_id` bigint DEFAULT NULL,
  `audience_id` bigint DEFAULT NULL,
  `eventType_id` int DEFAULT NULL,
  `subject` text,
  `date` date DEFAULT NULL,
  `timestamp` timestamp NULL DEFAULT NULL,
  PRIMARY KEY (`id`),
  KEY `campaign_id` (`campaign_id`),
  KEY `audience_id` (`audience_id`),
  KEY `event_id` (`eventType_id`),
  CONSTRAINT `event_tracking_ibfk_1` FOREIGN KEY (`campaign_id`) REFERENCES `campaign` (`id`) ON DELETE CASCADE ON UPDATE CASCADE,
  CONSTRAINT `event_tracking_ibfk_2` FOREIGN KEY (`audience_id`) REFERENCES `audience` (`id`) ON DELETE CASCADE ON UPDATE CASCADE,
  CONSTRAINT `event_tracking_ibfk_3` FOREIGN KEY (`eventType_id`) REFERENCES `eventType` (`id`) ON DELETE CASCADE ON UPDATE CASCADE
) ENGINE=InnoDB DEFAULT CHARSET=utf8mb4 COLLATE=utf8mb4_0900_ai_ci;
/*!40101 SET character_set_client = @saved_cs_client */;

--
-- Dumping data for table `event_tracking`
--

LOCK TABLES `event_tracking` WRITE;
/*!40000 ALTER TABLE `event_tracking` DISABLE KEYS */;
/*!40000 ALTER TABLE `event_tracking` ENABLE KEYS */;
UNLOCK TABLES;

--
-- Table structure for table `mail`
--

DROP TABLE IF EXISTS `mail`;
/*!40101 SET @saved_cs_client     = @@character_set_client */;
/*!50503 SET character_set_client = utf8mb4 */;
CREATE TABLE `mail` (
  `id` bigint NOT NULL AUTO_INCREMENT,
  `campaign_id` bigint DEFAULT NULL,
  `recipient_mail` text,
  `subject` text,
  `status` varchar(20) DEFAULT NULL,
  `send_date` date DEFAULT NULL,
  `timestamp` timestamp NULL DEFAULT NULL,
  `checktimes` int DEFAULT NULL,
  `audience_id` bigint DEFAULT NULL,
  `mime_id` text,
  PRIMARY KEY (`id`),
  KEY `idx_send_date` (`send_date`),
  KEY `idx_status` (`status`),
  KEY `mail_ibfk_2` (`audience_id`),
  KEY `mail_ibfk_1` (`campaign_id`),
  CONSTRAINT `mail_ibfk_1` FOREIGN KEY (`campaign_id`) REFERENCES `campaign` (`id`) ON DELETE CASCADE ON UPDATE CASCADE,
  CONSTRAINT `mail_ibfk_2` FOREIGN KEY (`audience_id`) REFERENCES `audience` (`id`) ON DELETE SET NULL
) ENGINE=InnoDB AUTO_INCREMENT=1006 DEFAULT CHARSET=utf8mb4 COLLATE=utf8mb4_0900_ai_ci;
/*!40101 SET character_set_client = @saved_cs_client */;

--
-- Dumping data for table `mail`
--

LOCK TABLES `mail` WRITE;
/*!40000 ALTER TABLE `mail` DISABLE KEYS */;
INSERT INTO `mail` VALUES (231,15,'xppp3081@gmail.com','春裝全新上市','RECEIVE','2024-04-24','2024-04-24 02:12:46',0,NULL,NULL),(232,15,'xppp3082@gmail.com','春裝全新上市','RECEIVE','2024-04-24','2024-04-24 02:12:49',0,2,NULL),(233,15,'xppp3082@arch.nctu.edu.tw','春裝全新上市','RECEIVE','2024-04-24','2024-04-24 02:12:52',0,3,NULL),(235,15,'harden@example.com','春裝全新上市','FAILED','2024-04-24','2024-04-24 02:12:57',0,18,NULL),(241,15,'xppp3081@gmail.com','春裝全新上市','RECEIVE','2024-04-24','2024-04-24 03:03:30',0,NULL,NULL),(242,15,'xppp3082@gmail.com','春裝全新上市','RECEIVE','2024-04-24','2024-04-24 03:03:33',0,2,NULL),(243,15,'xppp3082@arch.nctu.edu.tw','春裝全新上市','RECEIVE','2024-04-24','2024-04-24 03:03:35',0,3,NULL),(245,15,'harden@example.com','春裝全新上市','FAILED','2024-04-24','2024-04-24 03:03:41',0,18,NULL),(254,15,'xppp3081@gmail.com','春裝全新上市','RECEIVE','2024-04-26','2024-04-26 04:32:16',0,NULL,NULL),(255,15,'xppp3082@gmail.com','春裝全新上市','RECEIVE','2024-04-26','2024-04-26 04:32:19',0,2,NULL),(256,15,'xppp3082@arch.nctu.edu.tw','春裝全新上市','RECEIVE','2024-04-26','2024-04-26 04:32:22',0,3,NULL),(258,15,'harden@example.com','春裝全新上市','FAILED','2024-04-26','2024-04-26 04:32:27',0,18,NULL),(259,15,'xppp3081@gmail.com','春裝全新上市','RECEIVE','2024-04-26','2024-04-26 07:01:01',0,NULL,NULL),(260,15,'xppp3082@gmail.com','春裝全新上市','RECEIVE','2024-04-26','2024-04-26 07:01:04',0,2,NULL),(261,15,'xppp3082@arch.nctu.edu.tw','春裝全新上市','RECEIVE','2024-04-26','2024-04-26 07:01:07',0,3,NULL),(262,15,'harden@example.com','春裝全新上市','FAILED','2024-04-26','2024-04-26 07:01:09',0,18,NULL),(271,15,'xppp3081@gmail.com','春裝全新上市','RECEIVE','2024-04-26','2024-04-26 07:37:18',0,NULL,NULL),(272,15,'xppp3082@gmail.com','春裝全新上市','RECEIVE','2024-04-26','2024-04-26 07:37:21',0,2,NULL),(273,15,'xppp3082@arch.nctu.edu.tw','春裝全新上市','RECEIVE','2024-04-26','2024-04-26 07:37:23',0,3,NULL),(274,15,'harden@example.com','春裝全新上市','FAILED','2024-04-26','2024-04-26 07:37:26',0,18,NULL),(275,15,'XPPP3081@GMAIL.COM','春裝全新上市','OPEN','2024-04-26','2024-04-26 07:37:37',NULL,NULL,NULL),(276,15,'XPPP3081@GMAIL.COM','春裝全新上市','CLICK','2024-04-26','2024-04-26 07:38:07',NULL,NULL,NULL),(277,15,'xppp3081@gmail.com','春裝全新上市','RECEIVE','2024-04-26','2024-04-26 07:47:48',0,NULL,NULL),(278,15,'xppp3082@gmail.com','春裝全新上市','RECEIVE','2024-04-26','2024-04-26 07:47:51',0,2,NULL),(279,15,'xppp3082@arch.nctu.edu.tw','春裝全新上市','RECEIVE','2024-04-26','2024-04-26 07:47:53',0,3,NULL),(280,15,'harden@example.com','春裝全新上市','FAILED','2024-04-26','2024-04-26 07:47:56',0,18,NULL),(281,15,'XPPP3081@GMAIL.COM','春裝全新上市','OPEN','2024-04-26','2024-04-26 07:48:26',NULL,NULL,NULL),(282,15,'xppp3081@gmail.com','春裝全新上市','RECEIVE','2024-04-26','2024-04-26 15:51:21',0,NULL,NULL),(283,15,'xppp3082@gmail.com','春裝全新上市','RECEIVE','2024-04-26','2024-04-26 15:51:24',0,2,NULL),(284,15,'xppp3082@arch.nctu.edu.tw','春裝全新上市','RECEIVE','2024-04-26','2024-04-26 15:51:26',0,3,NULL),(285,15,'harden@example.com','春裝全新上市','FAILED','2024-04-26','2024-04-26 15:51:29',0,18,NULL),(290,15,'xppp3081@gmail.com','春裝全新上市','RECEIVE','2024-04-26','2024-04-26 08:13:46',0,NULL,NULL),(291,15,'xppp3082@gmail.com','春裝全新上市','RECEIVE','2024-04-26','2024-04-26 08:13:49',0,2,NULL),(292,15,'xppp3082@arch.nctu.edu.tw','春裝全新上市','RECEIVE','2024-04-26','2024-04-26 08:13:51',0,3,NULL),(293,15,'harden@example.com','春裝全新上市','FAILED','2024-04-26','2024-04-26 08:13:54',0,18,NULL),(294,15,'xppp3081@gmail.com','春裝全新上市','OPEN','2024-04-26','2024-04-26 08:13:58',NULL,NULL,NULL),(295,15,'XPPP3081@GMAIL.COM','春裝全新上市','OPEN','2024-04-26','2024-04-26 08:13:58',NULL,NULL,NULL),(296,15,'xppp3081@gmail.com','春裝全新上市','CLICK','2024-04-26','2024-04-26 08:14:41',NULL,NULL,NULL),(297,15,'XPPP3082@GMAIL.COM','春裝全新上市','OPEN','2024-04-26','2024-04-26 08:15:30',NULL,2,NULL),(298,15,'xppp3082@gmail.com','春裝全新上市','OPEN','2024-04-26','2024-04-26 08:15:30',NULL,2,NULL),(299,15,'XPPP3082@GMAIL.COM','春裝全新上市','OPEN','2024-04-26','2024-04-26 08:15:31',NULL,2,NULL),(300,15,'xppp3082@gmail.com','春裝全新上市','OPEN','2024-04-26','2024-04-26 08:15:31',NULL,2,NULL),(301,15,'xppp3082@gmail.com','春裝全新上市','OPEN','2024-04-26','2024-04-26 08:15:32',NULL,2,NULL),(302,15,'XPPP3082@GMAIL.COM','春裝全新上市','OPEN','2024-04-26','2024-04-26 08:15:32',NULL,2,NULL),(303,15,'xppp3082@gmail.com','春裝全新上市','OPEN','2024-04-26','2024-04-26 08:16:08',NULL,2,NULL),(304,15,'XPPP3082@GMAIL.COM','春裝全新上市','OPEN','2024-04-26','2024-04-26 08:16:08',NULL,2,NULL),(305,15,'xppp3081@gmail.com','春裝全新上市','RECEIVE','2024-04-26','2024-04-26 08:16:17',0,NULL,NULL),(306,15,'xppp3082@gmail.com','春裝全新上市','RECEIVE','2024-04-26','2024-04-26 08:16:20',0,2,NULL),(307,15,'xppp3082@arch.nctu.edu.tw','春裝全新上市','RECEIVE','2024-04-26','2024-04-26 08:16:23',0,3,NULL),(308,15,'harden@example.com','春裝全新上市','FAILED','2024-04-26','2024-04-26 08:16:25',0,18,NULL),(309,15,'xppp3082@gmail.com','春裝全新上市','OPEN','2024-04-26','2024-04-26 08:16:30',NULL,2,NULL),(310,15,'xppp3082@gmail.com','春裝全新上市','CLICK','2024-04-26','2024-04-26 08:17:01',NULL,2,NULL),(311,15,'xppp3082@gmail.com','春裝全新上市','OPEN','2024-04-26','2024-04-26 10:24:06',NULL,2,NULL),(387,32,'xppp3081@gmail.com','宣傳文案','OPEN','2024-05-01','2024-05-01 09:30:49',NULL,NULL,NULL),(388,32,'xppp3081@gmail.com','宣傳文案','RECEIVE','2024-05-01','2024-05-01 09:30:38',0,NULL,NULL),(389,32,'xppp3082@gmail.com','宣傳文案','RECEIVE','2024-05-01','2024-05-01 09:30:41',0,2,NULL),(390,32,'xppp3082@arch.nctu.edu.tw','宣傳文案','RECEIVE','2024-05-01','2024-05-01 09:30:44',0,3,NULL),(391,32,'harden@example.com','宣傳文案','FAILED','2024-05-01','2024-05-01 09:30:47',0,18,NULL),(392,32,'xppp3082@gmail.com','宣傳文案','OPEN','2024-05-01','2024-05-01 09:30:50',NULL,2,NULL),(393,32,'xppp3082@arch.nctu.edu.tw','宣傳文案','OPEN','2024-05-01','2024-05-01 09:30:52',NULL,3,NULL),(394,32,'xppp3082@arch.nctu.edu.tw','宣傳文案','OPEN','2024-05-01','2024-05-01 09:30:54',NULL,3,NULL),(395,32,'xppp3082@arch.nctu.edu.tw','宣傳文案','CLICK','2024-05-01','2024-05-01 09:31:13',NULL,3,NULL),(396,32,'xppp3082@arch.nctu.edu.tw','宣傳文案','CLICK','2024-05-01','2024-05-01 09:31:38',NULL,3,NULL),(398,32,'xppp3081@gmail.com','宣傳文案','OPEN','2024-05-01','2024-05-01 09:32:21',NULL,NULL,NULL),(399,32,'xppp3081@gmail.com','宣傳文案','CLICK','2024-05-01','2024-05-01 09:32:22',NULL,NULL,NULL),(400,32,'xppp3082@gmail.com','宣傳文案','OPEN','2024-05-01','2024-05-01 09:32:58',NULL,2,NULL),(401,32,'xppp3082@gmail.com','宣傳文案','OPEN','2024-05-01','2024-05-01 09:33:00',NULL,2,NULL),(402,32,'xppp3081@gmail.com','宣傳文案','CLICK','2024-05-01','2024-05-01 09:33:11',NULL,NULL,NULL),(403,32,'xppp3082@gmail.com','宣傳文案','CLICK','2024-05-01','2024-05-01 09:35:34',NULL,2,NULL),(404,32,'xppp3082@gmail.com','宣傳文案','OPEN','2024-05-01','2024-05-01 09:36:31',NULL,2,NULL),(405,32,'xppp3082@gmail.com','宣傳文案','CLICK','2024-05-01','2024-05-01 09:36:41',NULL,2,NULL),(420,32,'xppp3081@gmail.com','宣傳文案','OPEN','2024-05-01','2024-05-01 13:05:59',NULL,NULL,NULL),(474,40,'xppp3081@gmail.com','2024萬聖慶','RECEIVE','2024-05-02','2024-05-02 01:05:17',0,NULL,NULL),(475,40,'xppp3082@gmail.com','2024萬聖慶','RECEIVE','2024-05-02','2024-05-02 01:05:19',0,2,NULL),(476,40,'xppp3082@arch.nctu.edu.tw','2024萬聖慶','RECEIVE','2024-05-02','2024-05-02 01:05:21',0,3,NULL),(477,40,'harden@example.com','2024萬聖慶','FAILED','2024-05-02','2024-05-02 01:05:23',0,18,NULL),(478,40,'xppp3082@arch.nctu.edu.tw','2024萬聖慶','OPEN','2024-05-02','2024-05-02 01:05:28',NULL,3,NULL),(479,40,'xppp3081@gmail.com','2024萬聖慶','OPEN','2024-05-02','2024-05-02 01:05:28',NULL,NULL,NULL),(480,40,'xppp3081@gmail.com','2024萬聖慶','OPEN','2024-05-02','2024-05-02 01:06:26',NULL,NULL,NULL),(481,40,'xppp3081@gmail.com','2024萬聖慶','CLICK','2024-05-02','2024-05-02 01:06:41',NULL,NULL,NULL),(489,44,'xppp3081@gmail.com','全虹製片，絕對專業','RECEIVE','2024-05-03','2024-05-03 07:00:01',0,NULL,NULL),(490,44,'xppp3082@gmail.com','全虹製片，絕對專業','RECEIVE','2024-05-03','2024-05-03 07:00:04',0,2,NULL),(491,44,'xppp3082@arch.nctu.edu.tw','全虹製片，絕對專業','RECEIVE','2024-05-03','2024-05-03 07:00:07',0,3,NULL),(492,44,'harden@example.com','全虹製片，絕對專業','FAILED','2024-05-03','2024-05-03 07:00:10',0,18,NULL),(493,44,'xppp3082@arch.nctu.edu.tw','全虹製片，絕對專業','OPEN','2024-05-03','2024-05-03 07:23:35',NULL,3,NULL),(494,44,'xppp3081@gmail.com','全虹製片，絕對專業','OPEN','2024-05-03','2024-05-03 12:02:36',NULL,NULL,NULL),(495,44,'xppp3081@gmail.com','全虹製片，絕對專業','CLICK','2024-05-03','2024-05-03 12:02:53',NULL,NULL,NULL),(506,44,'xppp3082@arch.nctu.edu.tw','全虹製片，絕對專業','OPEN','2024-05-03','2024-05-03 18:40:08',NULL,3,NULL),(508,44,'xppp3082@gmail.com','全虹製片，絕對專業','OPEN','2024-05-03','2024-05-03 19:54:43',NULL,2,NULL),(509,32,'xppp3081@gmail.com','宣傳文案','RECEIVE','2024-05-04','2024-05-04 05:40:20',0,NULL,NULL),(510,32,'xppp3082@gmail.com','宣傳文案','RECEIVE','2024-05-04','2024-05-04 05:40:22',0,2,NULL),(511,32,'xppp3082@arch.nctu.edu.tw','宣傳文案','RECEIVE','2024-05-04','2024-05-04 05:40:24',0,3,NULL),(512,32,'jessie.hu8968@gmail.com','宣傳文案','FAILED','2024-05-04','2024-05-04 05:40:26',0,18,NULL),(513,32,'xppp3081@gmail.com','宣傳文案','OPEN','2024-05-04','2024-05-04 05:40:28',NULL,NULL,NULL),(514,32,'xppp3082@gmail.com','宣傳文案','OPEN','2024-05-04','2024-05-04 05:40:28',NULL,2,NULL),(515,32,'xppp3081@gmail.com','宣傳文案','RECEIVE','2024-05-04','2024-05-04 05:45:12',0,NULL,NULL),(516,32,'xppp3082@gmail.com','宣傳文案','RECEIVE','2024-05-04','2024-05-04 05:45:14',0,2,NULL),(517,32,'xppp3082@arch.nctu.edu.tw','宣傳文案','RECEIVE','2024-05-04','2024-05-04 05:45:16',0,3,NULL),(518,32,'jolin060984@gmail.com','宣傳文案','FAILED','2024-05-04','2024-05-04 05:45:18',0,18,NULL),(519,32,'xppp3082@arch.nctu.edu.tw','宣傳文案','OPEN','2024-05-04','2024-05-04 05:48:05',NULL,3,NULL),(520,44,'xppp3081@gmail.com','全虹製片，絕對專業','RECEIVE','2024-05-04','2024-05-04 08:00:27',0,NULL,NULL),(521,44,'xppp3082@gmail.com','全虹製片，絕對專業','RECEIVE','2024-05-04','2024-05-04 08:00:29',0,2,NULL),(522,44,'xppp3082@arch.nctu.edu.tw','全虹製片，絕對專業','RECEIVE','2024-05-04','2024-05-04 08:00:31',0,3,NULL),(523,44,'jolin060984@gmail.com','全虹製片，絕對專業','FAILED','2024-05-04','2024-05-04 08:00:33',0,18,NULL),(524,44,'xppp3081@gmail.com','全虹製片，絕對專業','RECEIVE','2024-05-04','2024-05-04 09:31:41',0,NULL,NULL),(525,44,'xppp3082@gmail.com','全虹製片，絕對專業','RECEIVE','2024-05-04','2024-05-04 09:31:44',0,2,NULL),(526,44,'xppp3082@arch.nctu.edu.tw','全虹製片，絕對專業','RECEIVE','2024-05-04','2024-05-04 09:31:47',0,3,NULL),(527,44,'jolin060984@gmail.com','全虹製片，絕對專業','FAILED','2024-05-04','2024-05-04 09:31:50',0,18,NULL),(528,44,'xppp3081@gmail.com','全虹製片，絕對專業','RECEIVE','2024-05-04','2024-05-04 09:36:16',0,NULL,NULL),(529,44,'xppp3082@gmail.com','全虹製片，絕對專業','RECEIVE','2024-05-04','2024-05-04 09:36:19',0,2,NULL),(530,44,'xppp3082@arch.nctu.edu.tw','全虹製片，絕對專業','RECEIVE','2024-05-04','2024-05-04 09:36:22',0,3,NULL),(531,44,'jolin060984@gmail.com','全虹製片，絕對專業','FAILED','2024-05-04','2024-05-04 09:36:25',0,18,NULL),(532,44,'xppp3081@gmail.com','全虹製片，絕對專業','RECEIVE','2024-05-04','2024-05-04 09:49:40',0,NULL,NULL),(533,44,'xppp3082@gmail.com','全虹製片，絕對專業','RECEIVE','2024-05-04','2024-05-04 09:49:42',0,2,NULL),(534,44,'xppp3082@arch.nctu.edu.tw','全虹製片，絕對專業','RECEIVE','2024-05-04','2024-05-04 09:49:44',0,3,NULL),(535,44,'jolin060984@gmail.com','全虹製片，絕對專業','RECEIVE','2024-05-04','2024-05-04 09:49:46',0,18,NULL),(550,44,'xppp3081@gmail.com','全虹製片，絕對專業','RECEIVE','2024-05-05','2024-05-05 11:20:14',0,NULL,NULL),(551,44,'xppp3082@gmail.com','全虹製片，絕對專業','RECEIVE','2024-05-05','2024-05-05 11:20:16',0,2,NULL),(552,44,'xppp3082@arch.nctu.edu.tw','全虹製片，絕對專業','RECEIVE','2024-05-05','2024-05-05 11:20:18',0,3,NULL),(553,44,'xppp3081@gmail.com','全虹製片，絕對專業','OPEN','2024-05-05','2024-05-05 11:20:25',NULL,NULL,NULL),(554,44,'xppp3082@arch.nctu.edu.tw','全虹製片，絕對專業','OPEN','2024-05-05','2024-05-05 11:20:25',NULL,3,NULL),(555,44,'xppp3082@gmail.com','全虹製片，絕對專業','OPEN','2024-05-05','2024-05-05 11:20:25',NULL,2,NULL),(556,44,'xppp3081@gmail.com','全虹製片，絕對專業','OPEN','2024-05-05','2024-05-05 11:20:51',NULL,NULL,NULL),(557,44,'xppp3081@gmail.com','全虹製片，絕對專業','CLICK','2024-05-05','2024-05-05 11:20:53',NULL,NULL,NULL),(558,44,'xppp3081@gmail.com','全虹製片，絕對專業','CLICK','2024-05-05','2024-05-05 11:21:17',NULL,NULL,NULL),(609,44,'xppp3081@gmail.com','全虹製片，絕對專業','RECEIVE','2024-05-05','2024-05-05 16:13:58',0,NULL,'582146531.17.1714925639371@ip-172-31-4-193.ap-southeast-2.compute.internal'),(610,44,'xppp3082@gmail.com','全虹製片，絕對專業','RECEIVE','2024-05-05','2024-05-05 16:14:01',0,2,'1805360313.20.1714925642383@ip-172-31-4-193.ap-southeast-2.compute.internal'),(615,44,'xppp3082@gmail.com','全虹製片，絕對專業','RECEIVE','2024-05-05','2024-05-05 16:30:19',0,2,'118902356.5.1714926620511@ip-172-31-4-193.ap-southeast-2.compute.internal'),(616,44,'xppp3081@gmail.com','全虹製片，絕對專業','RECEIVE','2024-05-05','2024-05-05 16:30:16',0,NULL,'285527866.2.1714926617296@ip-172-31-4-193.ap-southeast-2.compute.internal'),(617,44,'xppp3082@arch.nctu.edu.tw','全虹製片，絕對專業','RECEIVE','2024-05-05','2024-05-05 16:30:22',0,3,'76046801.8.1714926623541@ip-172-31-4-193.ap-southeast-2.compute.internal'),(618,44,'xppp3082@arch.nctu.edu.tw','全虹製片，絕對專業','OPEN','2024-05-05','2024-05-05 16:36:00',NULL,3,NULL),(619,44,'xppp3082@arch.nctu.edu.tw','全虹製片，絕對專業','CLICK','2024-05-05','2024-05-05 16:36:06',NULL,3,NULL),(623,44,'xppp3081@gmail.com','全虹製片，絕對專業','OPEN','2024-05-06','2024-05-06 05:21:26',NULL,NULL,NULL),(624,44,'xppp3081@gmail.com','全虹製片，絕對專業','OPEN','2024-05-06','2024-05-06 05:21:32',NULL,NULL,NULL),(626,44,'xppp3081@gmail.com','全虹製片，絕對專業','OPEN','2024-05-06','2024-05-06 05:35:22',NULL,NULL,NULL),(644,44,'xppp3081@gmail.com','全虹製片，絕對專業','RECEIVE','2024-05-06','2024-05-06 07:52:17',0,NULL,'308147762.17.1714981938648@ip-172-31-4-193.ap-southeast-2.compute.internal'),(645,44,'xppp3082@gmail.com','全虹製片，絕對專業','RECEIVE','2024-05-06','2024-05-06 07:52:19',0,2,'1133794432.20.1714981940692@ip-172-31-4-193.ap-southeast-2.compute.internal'),(646,44,'xppp3082@arch.nctu.edu.tw','全虹製片，絕對專業','RECEIVE','2024-05-06','2024-05-06 07:52:22',0,3,'1510145189.23.1714981942692@ip-172-31-4-193.ap-southeast-2.compute.internal'),(647,44,'xppp3082@arch.nctu.edu.tw','全虹製片，絕對專業','OPEN','2024-05-06','2024-05-06 07:57:40',NULL,3,NULL),(649,NULL,'travissss@1123.com','感恩父愛，傳承家薪','FAILED',NULL,NULL,NULL,NULL,'1281769434.14.1714981602993@ip-172-31-4-193.ap-southeast-2.compute.internal'),(655,48,'testUser@example.com','全虹周年慶，滿額送好禮','FAILED','2024-05-07','2024-05-07 09:02:24',0,16,'1399313519.11.1715072545345@ip-172-31-33-215.ap-southeast-2.compute.internal'),(656,48,'sc30@example.com','全虹周年慶，滿額送好禮','FAILED','2024-05-07','2024-05-07 09:02:30',0,29,'741658148.17.1715072551387@ip-172-31-33-215.ap-southeast-2.compute.internal'),(657,48,'kawhi@example.com','全虹周年慶，滿額送好禮','FAILED','2024-05-07','2024-05-07 09:02:27',0,26,'1501191853.14.1715072548327@ip-172-31-33-215.ap-southeast-2.compute.internal'),(658,48,'xppp3081@gmail.com','全虹周年慶，滿額送好禮','RECEIVE','2024-05-07','2024-05-07 09:02:33',0,39,'607690808.20.1715072554297@ip-172-31-33-215.ap-southeast-2.compute.internal'),(659,48,'testUser@example.com','全虹周年慶，滿額送好禮','FAILED','2024-05-07','2024-05-07 09:04:42',0,16,'927404792.23.1715072683369@ip-172-31-33-215.ap-southeast-2.compute.internal'),(660,48,'kawhi@example.com','全虹周年慶，滿額送好禮','FAILED','2024-05-07','2024-05-07 09:04:45',0,26,'944009331.26.1715072686122@ip-172-31-33-215.ap-southeast-2.compute.internal'),(661,48,'sc30@example.com','全虹周年慶，滿額送好禮','FAILED','2024-05-07','2024-05-07 09:04:48',0,29,'1210252371.29.1715072689083@ip-172-31-33-215.ap-southeast-2.compute.internal'),(662,48,'xppp3081@gmail.com','全虹周年慶，滿額送好禮','RECEIVE','2024-05-07','2024-05-07 09:04:50',0,39,'446573627.32.1715072692041@ip-172-31-33-215.ap-southeast-2.compute.internal'),(663,48,'testUser@example.com','全虹周年慶，滿額送好禮','FAILED','2024-05-07','2024-05-07 09:05:55',0,16,'26153568.35.1715072756555@ip-172-31-33-215.ap-southeast-2.compute.internal'),(664,48,'kawhi@example.com','全虹周年慶，滿額送好禮','FAILED','2024-05-07','2024-05-07 09:05:57',0,26,'2010162322.38.1715072758680@ip-172-31-33-215.ap-southeast-2.compute.internal'),(665,48,'sc30@example.com','全虹周年慶，滿額送好禮','FAILED','2024-05-07','2024-05-07 09:06:00',0,29,'1585430546.41.1715072760678@ip-172-31-33-215.ap-southeast-2.compute.internal'),(666,48,'xppp3081@gmail.com','全虹周年慶，滿額送好禮','RECEIVE','2024-05-07','2024-05-07 09:06:01',0,39,'770966131.44.1715072762632@ip-172-31-33-215.ap-southeast-2.compute.internal'),(667,48,'testUser@example.com','全虹周年慶，滿額送好禮','FAILED','2024-05-07','2024-05-07 09:07:01',0,16,'267081652.47.1715072822306@ip-172-31-33-215.ap-southeast-2.compute.internal'),(668,48,'kawhi@example.com','全虹周年慶，滿額送好禮','FAILED','2024-05-07','2024-05-07 09:07:03',0,26,'1693575672.50.1715072824218@ip-172-31-33-215.ap-southeast-2.compute.internal'),(669,48,'sc30@example.com','全虹周年慶，滿額送好禮','FAILED','2024-05-07','2024-05-07 09:07:05',0,29,'2031700764.53.1715072826239@ip-172-31-33-215.ap-southeast-2.compute.internal'),(670,48,'xppp3081@gmail.com','全虹周年慶，滿額送好禮','RECEIVE','2024-05-07','2024-05-07 09:07:07',0,39,'530210107.56.1715072828152@ip-172-31-33-215.ap-southeast-2.compute.internal'),(671,48,'testUser@example.com','全虹周年慶，滿額送好禮','FAILED','2024-05-07','2024-05-07 09:07:48',0,16,'1850803964.59.1715072869601@ip-172-31-33-215.ap-southeast-2.compute.internal'),(672,48,'kawhi@example.com','全虹周年慶，滿額送好禮','FAILED','2024-05-07','2024-05-07 09:07:51',0,26,'231695570.62.1715072871831@ip-172-31-33-215.ap-southeast-2.compute.internal'),(673,48,'sc30@example.com','全虹周年慶，滿額送好禮','FAILED','2024-05-07','2024-05-07 09:07:53',0,29,'1259205449.65.1715072873800@ip-172-31-33-215.ap-southeast-2.compute.internal'),(674,48,'xppp3081@gmail.com','全虹周年慶，滿額送好禮','RECEIVE','2024-05-07','2024-05-07 09:07:55',0,39,'2084720126.68.1715072875684@ip-172-31-33-215.ap-southeast-2.compute.internal'),(675,49,'xppp3081@gmail.com','中秋慶','RECEIVE','2024-05-07','2024-05-07 09:21:17',0,39,'1823595027.71.1715073679059@ip-172-31-33-215.ap-southeast-2.compute.internal'),(676,49,'xppp3081@gmail.com','中秋慶','OPEN','2024-05-07','2024-05-07 09:22:28',NULL,39,NULL),(677,49,'xppp3081@gmail.com','中秋慶','OPEN','2024-05-07','2024-05-07 09:22:35',NULL,39,NULL),(679,44,'xppp3081@gmail.com','全虹製片，絕對專業','OPEN','2024-05-08','2024-05-08 02:13:38',NULL,NULL,NULL),(698,NULL,'xppp3081@gmail.com','獻上母愛，感恩母親節！','RECEIVE',NULL,NULL,NULL,NULL,'1288296050.89.1715179206048@ip-172-31-33-215.ap-southeast-2.compute.internal'),(704,NULL,'xppp3081@gmail.com','2024 母親節','RECEIVE',NULL,NULL,NULL,NULL,'1567450419.86.1715178681429@ip-172-31-33-215.ap-southeast-2.compute.internal'),(715,NULL,'xppp3081@gmail.com','獻上母愛，感恩母親節！','RECEIVE',NULL,NULL,NULL,NULL,'1011946373.104.1715180408880@ip-172-31-33-215.ap-southeast-2.compute.internal'),(722,NULL,'xppp3081@gmail.com','母親節','RECEIVE',NULL,NULL,NULL,NULL,'161122793.113.1715181173966@ip-172-31-33-215.ap-southeast-2.compute.internal'),(725,NULL,'xppp3081@gmail.com','母親節','RECEIVE',NULL,NULL,NULL,NULL,'769895447.116.1715181280579@ip-172-31-33-215.ap-southeast-2.compute.internal'),(740,44,'xppp3082@arch.nctu.edu.tw','全虹製片，絕對專業','OPEN','2024-05-08','2024-05-08 16:32:33',NULL,3,NULL),(741,44,'xppp3082@gmail.com','全虹製片，絕對專業','OPEN','2024-05-08','2024-05-08 17:25:36',NULL,2,NULL),(783,82,'ferris110443@hotmail.com.tw','sharewords','FAILED','2024-05-09','2024-05-09 13:35:44',0,54,'226076315.41.1715261745798@ip-172-31-33-215.ap-southeast-2.compute.internal'),(784,82,'ferris110443@hotmail.com.tw','sharewords','FAILED','2024-05-09','2024-05-09 13:37:44',0,54,'941770293.47.1715261866067@ip-172-31-33-215.ap-southeast-2.compute.internal'),(785,82,'ferris110443@gmail.com','sharewords','RECEIVE','2024-05-09','2024-05-09 13:37:47',0,56,'1078426962.50.1715261868739@ip-172-31-33-215.ap-southeast-2.compute.internal'),(786,82,'ferris110443@gmail.com','sharewords','OPEN','2024-05-09','2024-05-09 13:37:52',NULL,56,NULL),(787,82,'ferris110443@gmail.com','sharewords','OPEN','2024-05-09','2024-05-09 13:38:19',NULL,56,NULL),(788,82,'ferris110443@gmail.com','sharewords','CLICK','2024-05-09','2024-05-09 13:38:20',NULL,56,NULL),(789,82,'ferris110443@gmail.com','sharewords','OPEN','2024-05-09','2024-05-09 13:38:21',NULL,56,NULL),(790,82,'ferris110443@gmail.com','sharewords','CLICK','2024-05-09','2024-05-09 13:38:25',NULL,56,NULL),(840,82,'ferris110443@gmail.com','sharewords','OPEN','2024-05-12','2024-05-12 11:06:06',NULL,56,NULL),(846,82,'ferris110443@gmail.com','sharewords','OPEN','2024-05-12','2024-05-12 14:05:20',NULL,56,NULL),(864,104,'xppp3082@arch.nctu.edu.tw','母親節','RECEIVE','2024-05-13','2024-05-13 05:51:35',NULL,3,'1165871113.26.1715579496383@ip-172-31-1-0.ap-southeast-2.compute.internal'),(865,104,'xppp3081@gmail.com','母親節','RECEIVE','2024-05-13','2024-05-13 05:51:33',NULL,39,'1828883582.23.1715579494441@ip-172-31-1-0.ap-southeast-2.compute.internal'),(866,104,'sc30@example.com','母親節','FAILED','2024-05-13','2024-05-13 05:51:39',NULL,29,'1215109224.32.1715579500277@ip-172-31-1-0.ap-southeast-2.compute.internal'),(867,104,'xppp3082@gmail.com','母親節','RECEIVE','2024-05-13','2024-05-13 05:51:37',NULL,2,'1938741459.29.1715579498348@ip-172-31-1-0.ap-southeast-2.compute.internal'),(869,104,'xppp3081@gmail.com','母親節','OPEN','2024-05-13','2024-05-13 05:53:21',NULL,39,NULL),(997,40,'xppp3082@arch.nctu.edu.tw','2024萬聖慶','OPEN','2024-05-16','2024-05-16 02:45:38',NULL,3,NULL),(998,40,'xppp3081@gmail.com','2024萬聖慶','RECEIVE','2024-05-16','2024-05-16 02:45:33',NULL,39,'2093446813.134.1715827534928@ip-172-31-1-0.ap-southeast-2.compute.internal'),(999,40,'xppp3082@gmail.com','2024萬聖慶','RECEIVE','2024-05-16','2024-05-16 02:45:31',NULL,2,'1303951496.131.1715827532216@ip-172-31-1-0.ap-southeast-2.compute.internal'),(1000,40,'xppp3082@arch.nctu.edu.tw','2024萬聖慶','RECEIVE','2024-05-16','2024-05-16 02:45:28',NULL,3,'1856962926.128.1715827529473@ip-172-31-1-0.ap-southeast-2.compute.internal'),(1001,40,'xppp3081@gmail.com','2024萬聖慶','OPEN','2024-05-16','2024-05-16 02:45:41',NULL,39,NULL),(1002,130,'xppp3081@gmail.com','?慶端午、享美好！ ?','RECEIVE','2024-05-16','2024-05-16 03:08:13',NULL,39,'703190139.137.1715828894575@ip-172-31-1-0.ap-southeast-2.compute.internal'),(1003,130,'xppp3081@gmail.com','?慶端午、享美好！ ?','OPEN','2024-05-16','2024-05-16 03:08:22',NULL,39,NULL),(1004,130,'xppp3081@gmail.com','?慶端午、享美好！ ?','OPEN','2024-05-16','2024-05-16 03:08:40',NULL,39,NULL),(1005,130,'xppp3081@gmail.com','?慶端午、享美好！ ?','CLICK','2024-05-16','2024-05-16 03:08:46',NULL,39,NULL);
/*!40000 ALTER TABLE `mail` ENABLE KEYS */;
UNLOCK TABLES;

--
-- Table structure for table `tag`
--

DROP TABLE IF EXISTS `tag`;
/*!40101 SET @saved_cs_client     = @@character_set_client */;
/*!50503 SET character_set_client = utf8mb4 */;
CREATE TABLE `tag` (
  `id` bigint NOT NULL AUTO_INCREMENT,
  `name` text,
  `company_id` bigint DEFAULT NULL,
  PRIMARY KEY (`id`),
  KEY `company_id` (`company_id`),
  CONSTRAINT `tag_ibfk_1` FOREIGN KEY (`company_id`) REFERENCES `company` (`id`) ON DELETE CASCADE ON UPDATE CASCADE
) ENGINE=InnoDB AUTO_INCREMENT=104 DEFAULT CHARSET=utf8mb4 COLLATE=utf8mb4_0900_ai_ci;
/*!40101 SET character_set_client = @saved_cs_client */;

--
-- Dumping data for table `tag`
--

LOCK TABLES `tag` WRITE;
/*!40000 ALTER TABLE `tag` DISABLE KEYS */;
INSERT INTO `tag` VALUES (4,'Customer',11),(5,'KOL',11),(6,'New Customer',11),(7,'千禧世代',11),(12,'射手座',11),(29,'天秤座',11),(40,'中秋節',11),(71,'book',19),(72,'test',19),(96,'test tag',20),(97,'TEST',20),(100,'母親節',11),(101,'端午節',11);
/*!40000 ALTER TABLE `tag` ENABLE KEYS */;
UNLOCK TABLES;

--
-- Table structure for table `tag_audience`
--

DROP TABLE IF EXISTS `tag_audience`;
/*!40101 SET @saved_cs_client     = @@character_set_client */;
/*!50503 SET character_set_client = utf8mb4 */;
CREATE TABLE `tag_audience` (
  `id` bigint NOT NULL AUTO_INCREMENT,
  `tag_id` bigint DEFAULT NULL,
  `audience_id` bigint DEFAULT NULL,
  PRIMARY KEY (`id`),
  KEY `tag_audience_ibfk_1` (`tag_id`),
  KEY `tag_audience_ibfk_2` (`audience_id`),
  CONSTRAINT `tag_audience_ibfk_1` FOREIGN KEY (`tag_id`) REFERENCES `tag` (`id`) ON DELETE CASCADE ON UPDATE CASCADE,
  CONSTRAINT `tag_audience_ibfk_2` FOREIGN KEY (`audience_id`) REFERENCES `audience` (`id`) ON DELETE CASCADE ON UPDATE CASCADE
) ENGINE=InnoDB AUTO_INCREMENT=271 DEFAULT CHARSET=utf8mb4 COLLATE=utf8mb4_0900_ai_ci;
/*!40101 SET character_set_client = @saved_cs_client */;

--
-- Dumping data for table `tag_audience`
--

LOCK TABLES `tag_audience` WRITE;
/*!40000 ALTER TABLE `tag_audience` DISABLE KEYS */;
INSERT INTO `tag_audience` VALUES (11,7,16),(13,12,16),(51,5,18),(64,12,26),(142,71,54),(143,72,54),(145,71,56),(151,97,59),(152,96,59),(169,12,29),(170,100,29),(188,6,53),(189,4,3),(190,100,3),(191,4,2),(192,5,2),(193,100,2),(268,4,39),(269,100,39),(270,101,39);
/*!40000 ALTER TABLE `tag_audience` ENABLE KEYS */;
UNLOCK TABLES;

--
-- Table structure for table `template`
--

DROP TABLE IF EXISTS `template`;
/*!40101 SET @saved_cs_client     = @@character_set_client */;
/*!50503 SET character_set_client = utf8mb4 */;
CREATE TABLE `template` (
  `id` bigint NOT NULL AUTO_INCREMENT,
  `company_id` bigint DEFAULT NULL,
  `url` text,
  `subject` text,
  `content` text,
  `picture` varchar(255) DEFAULT NULL,
  PRIMARY KEY (`id`),
  KEY `company_id` (`company_id`),
  CONSTRAINT `template_ibfk_1` FOREIGN KEY (`company_id`) REFERENCES `company` (`id`) ON DELETE CASCADE ON UPDATE CASCADE
) ENGINE=InnoDB AUTO_INCREMENT=54 DEFAULT CHARSET=utf8mb4 COLLATE=utf8mb4_0900_ai_ci;
/*!40101 SET character_set_client = @saved_cs_client */;

--
-- Dumping data for table `template`
--

LOCK TABLES `template` WRITE;
/*!40000 ALTER TABLE `template` DISABLE KEYS */;
INSERT INTO `template` VALUES (7,11,'https://www.chimage.com.tw/aboutus.htm?gad_source=1&gclid=EAIaIQobChMIlK71-dnZhQMVU20PAh31OA52EAAYASAAEgL-m_D_BwE','全虹製片事業有限公司文案','<p style=\"color: rgb(40, 40, 40); font-family: Arial, &quot;Microsoft JhengHei&quot;, sans-serif; font-size: 16px;\"><b><u>全虹製片事業有限公司，擁有30年的廣告製作經驗。</u></b></p><p style=\"color: rgb(40, 40, 40); font-family: Arial, &quot;Microsoft JhengHei&quot;, sans-serif; font-size: 16px;\"><a href=\"https://www.chimage.com.tw/aboutus.htm?gad_source=1&amp;gclid=CjwKCAjw5v2wBhBrEiwAXDDoJWMi350U6nTh4WIxTtT20GgEXQKAjAwlUw_0760MJFkd8FdaMvVHVBoCb4AQAvD_BwE\" target=\"_blank\" style=\"background-color: rgb(255, 255, 255); color: rgb(35, 82, 124); text-decoration-line: underline; outline: 0px;\">測試連結</a></p><p style=\"color: rgb(40, 40, 40); font-family: Arial, &quot;Microsoft JhengHei&quot;, sans-serif; font-size: 16px;\">測試一下修改功能。<br><br></p><p style=\"color: rgb(40, 40, 40); font-family: Arial, &quot;Microsoft JhengHei&quot;, sans-serif; font-size: 16px;\">集合電影界動畫團隊，使用最新好萊塢軟硬體技術，可於極短時間內製作出高質感全4K畫質擬真3D動畫，攝影器材使用6K超高畫質RED Digital好萊塢電影級攝影機，並符合時代趨勢，可為客戶打造出全4K畫質廣告影片。</p><p style=\"color: rgb(40, 40, 40); font-family: Arial, &quot;Microsoft JhengHei&quot;, sans-serif; font-size: 16px;\">提供公司簡介影片製作，CF/商品形象影片製作，微電影拍攝，2D、3D動畫影片製作。每部影片皆100%經由全虹完成，絕無任何委外製作。</p><p style=\"color: rgb(40, 40, 40); font-family: Arial, &quot;Microsoft JhengHei&quot;, sans-serif; font-size: 16px;\"><img src=\"data:image/jpeg;base64,/9j/2wBDAAIBAQIBAQICAgICAgICAwUDAwMDAwYEBAMFBwYHBwcGBwcICQsJCAgKCAcHCg0KCgsMDAwMBwkODw0MDgsMDAz/2wBDAQICAgMDAwYDAwYMCAcIDAwMDAwMDAwMDAwMDAwMDAwMDAwMDAwMDAwMDAwMDAwMDAwMDAwMDAwMDAwMDAwMDAz/wAARCADtAcIDASIAAhEBAxEB/8QAHgAAAQQDAQEBAAAAAAAAAAAAAAUGBwgDBAkCAQr/xABlEAABAwMCAwMFBw4ICgUJCQABAgMEAAURBgcIEiETMUEUIlFhcQkVMlOB0dIWGBkjQlJVV5GTlJWx0xczVmJykqHBCiQ1NkNzdIKyszQ3RMLwGiUmRmN1lqLDOGWDhIW01OHx/8QAHQEAAQQDAQEAAAAAAAAAAAAAAAQFBgcCAwgBCf/EAFARAAEDAgMEBQcHCAcHBAMAAAECAxEABAUSIQYxQVEHEyJhcRQygZGh0vAIFUJVorHRIzNSU1SSwdMWFxhigpOyQ3Kjs8Lh8SQ1c4M0NkT/2gAMAwEAAhEDEQA/AO/lFFFFFFFYbhcI9pgvSpT7MaNGQp1151YQ20hIypSlHoAAMknuqvl590Mt2qbnKg7XaM1Puk5BJD8+3pRDs7JHQ5mPYSrBB6oSodD1Na3HUI840hvMStrWA8qCrcACVHwSAVH0A1Ymiq1u7+cQjzxW3tDoplHIHExndahUhaT3AcrJSSc9wP7RnKrjh1doFSVa92W1jaoIUUKuOnpTGoIySBkkhrlcAHXPmkjB8RWrytvjPqP4UjOPWydXEuJHNTTgHpJTA9MVY+imPsrxJaH4h7S5L0dqS3XoMf8ASGG1lEqKenR1lYDjfU485Ip8UoSoKEpMinRi4afbDrKgpJ3EGQfSKKKKK9rdRRRRRRRRRRRRWGRHVz9q1gODvB7lj0H569x5CZCMjIIOCD3pPoNe6wyI6gvtWsBwDBB7lj0H56KKzUV4jyEyW+ZOQQcEHvSfQa90UUUUUUUUUUUUUUUUUUUUUUUUUUUUUUUUUUUUUUUUUUUUUUUUUUUUUUUUUUUUUUUUV8WsNpKlEBIGST3Ciihaw2kqUQABkk+Fa6EGcsLWCGR1Qk/des/NQhBnqC1ghkHKEn7v1n+4Vs0UUUUUUUUUUm6m1VD0pCS9KWrmcVyNNNp5nHlYzypT4n+wd5IFRxeOKGHAuioyUw0uI6qaC3H3Ej0q7NJCfykeuozjW2GEYSsNXzwSo8N59Mbueu8bqcbPCbu6GZlBI51LNFNnb/dK36/aAYW2l8oLgSlwLS4kHBUlXTOCQCCARkZHUU5qeMNxO1v7dN1ZrC0HcRSS4tnWFlt5MEUUUUUurTRRRRRRRRRRRRRRRRRRRRRRRRRRRSXre8L09ou73Bs4XBhPSE9PFDalD9leExrWK1BKSo8Krpuvb08Z+6lw0/LkTBtfoOUlu6x4zhCNS3HAUmO6E4UqM10KwD1Kk+solu0WtixW6JbrfEjxY8MBMSNESlDbXKP+z4ASphA6lGO/14Bj7hHsxtPDtpJ5ZcTMukNd5dUkjtgqS4p1bzau5SlBSU9meuE/IZEWgONhBbbU26pKOyQeRpavuWkHvZeJ6qHd+0NUlXbO8/Hx8CkeBWqQyL1wflHQFKPcdQnwSNI3TJ3kk/UOJW2goU32TpU62vPI24rqFPpPe074JSenf68eu3DAcWStpCQG3SRyqSk/BadSOqXVnGXB4Y9WfK3FOOurWpt1alhDy3UYbdcT9y+jwQ2O5Y6Ej8o24ptwKS4824y2XA8sc7zDZ6KePxyFZIT4gfLj2fj4+Pvp9+Pj4/Co23u4StMb1XNV0IuelNaxjiHqTTz3kd4hPfcp50jD7CABzc4VnBB8RSPs9xZ6p2V3DtO3G+TkBcm+u+T6U15BaDFq1UR0DDyO6LMPgnPZufcY6AzAgJShCA0W2ykBDTK8qQg9yGFn7tfepJ8PV1KBu3tNYN+Nu7ppXVFujXWzXz/F5LP8Wl55PwORWOaO4ycKCx90PTkV6lRSZR/5+PX9xYLvB8qzdWEId3kfRX3KHPkodod40qYKKrRwS7yag0jra87G7h3F66ar0hFTP0/fJKC25q2xqVyNSVZ6GQ0cNO4PU8quuSasvTi24FpzCttldpuWusAg7iDvBGhB8D6940oooorOldFFFFFFFFFFFFYJEdQc7VrAcAwQe5weg/3GskeQmSjIyCOhSe9J9Br3WGRHVz9q1gOAYIPcseg/PRRWaivEeQmQjIyCDgg96T6DXuiiiiiiiiiiiiiiiiiiiiiiiiiiiiiiiiiiiiiiiiiiiiiiiiiiiiivi1htBUogAdST4UUULWG0lSiAB1JPhWuhBnqC1ghkHKEHvX6z/cKEIM9YWsEMjqlB+69Z/uFbNFFFFFFFFFFFFFFQRvrf7jedznLDAHLNkojwIrhPmsh3znFY9mCf5reKki16ctWw+2cxUCMFIgRlSHnDjtZjiU5K3FeJJ+QDoAAMU2twrEmxb/6WvS0gRpy/JVqPcl4IWlOfaFjH9E1J8uI1PhusSG0OsPILbjaxlK0kYII8QRVT7J4O4rEsXunlf+pDqkIURORCkhaCO45hPMJCdwqU4pdpFvatIH5PKCQOKgYV93tnjVbJ+5bCd07JeIwZYkuTGmpLjbAYQ92iwlYI6k4QVZUeuAPRU8WfdTTt9vblsi3iC5cWThUYucrv9U4J+Sqy6ktOn9PbhuybAxJciQXsR1SJK3wMHzuzCu5PeBnJx1z1qNd8NKL05rp24MFSoF6UZ0R8dOqjlac+Ckq/sxVJ7O9JOIYC7doTkfl3Msgqg6ZSUHkSkSogzpvkVOndl7bFC2lRU3COzIE84I7gdwI48q6CUVTTYvjPvOgH2LfqFb97soIT2ijzSoo9IUfhgeg9fQat1pTVlu1vYY9ztUtmbCkp5m3WzkH1H0EeIPUV0bsdt7hu0TR8mOV0DtIV5w7x+knvHdIBMVXuPbM3mFLh8Sg7lDcfwPcfRNKNFFFTeo9RRRRRRRRRRRRRRRRRRRWhqmzjUOmbjbz3Torsc/76Cn++t+ig1ipIUCk8arnwc3Fc3hv01CeS23LsvbWh9pxWG/KIjy2SsnvaUlKUlPgeYeoiS3VJShxZWtpsIw646jK0IPjIQO9a+5K0+HX05jLyQcP/ABR3a0PpSzprdR0XG3LUjLAuqEhLsVzwCHkhKh/ObA+7wZRAUl9CkOK7RHM4l0nmWjHwn0n/AEjKR0Sk9e71YaQkjsnhp8fH40mwJ2bRLCvOa7B8UgAH/EIV6fRWNxC0PFCm3kuNIDZZbPO82jvSyk9zzZ6FXiB/Z8SlTi2koDTq1uFxhLS8NOuJ73GVn4KWx/oz0JHyn42hKUNpby20E87XIrBCCeq2Vd6XnDnzD4Z9efikhTTgWhstvKS06jHI28sYKI6x/o1jvUsdP7AD4+Pj8Kevj4+Pxr6h1KmivtEdm4SourBQ2c/CdcHe0+o9En//AAe1K7MO86XEdmhLL4UnK2mz8GO4kfC5u8uDuHjjrQVL7RxallTqSe0U4jmUSO9Tye5bCO5Kh4/lr43lstBJebLTZdZ5FczrDSvhPNq/0nP4IPUDw8KPj4+PxHnx8fH4VAfugEGTt7pXTW8lqR/5+2burd3f5FErmWh1QYuUVtQ+GwGVhXX4Km89O6rbWy4sXi3MS4rqH40ltLrTiDlLiFAFKh6iCDULcRVkjai4c9fW+YmMIEzTVxadR3R0p8lcIQg/6NzPnLSehx494WOBC9ydR8FG0k6WVKkydH2pbij3rV5I353y9/y0ptj2yOdR7KGsUWlO5xIV/iScpPpBSP8ADUsUUUUtpzooooooqv3GpxN6k2AvenY9ibtK27oxIce8sYU6QW1NBPLhacfDPp8KhL7I9uF8Rpf9Bd/e1PnF3vLpDay8WFrU+io2rHZrL647jrLC/JkpU2FAdoOnMVJPT72of+u62p/E7b/0WF81WRgds0qxbUqx6w69qU66nmZ7qpnae9eRijqE4n1IEdiF9nsjkI13+mkP7I9uF8Rpf9Bd/e0fZHtwviNL/oLv72lz67ran8Ttv/RYXzUfXdbU/idt/wCiwvmp18kZ+rfaj8aYfnG4+ufY57tITXujGvkTEurjaaKe5YRDcSVj29r31uXL3QzcGKlDzLel3oj38W55C4CD4pUO16KHopR+u62p/E7b/wBFhfNXxXF7tahJDe0UNCVEFaBGhcq/aMYz66wNk1MjDvaj8a2JxN/LlOMj1Oe7SJ9ke3C+I0v+gu/vaPsj24XxGl/0F397Tlm8VG1UVhp5G0FtejvfBcTEh4z4pPToR6K1vrutqfxO2/8ARYXzV6m1YIkYd7UfjWKr+5SYOM+xz3aQ/sj24XxGl/0F397R9ke3C+I0v+gu/vaXPrutqfxO2/8ARYXzUfXdbU/idt/6LC+asvJGfq32o/GsfnG4+ufY57tIf2R7cL4jS/6C7+9o+yPbhfEaX/QXf3tLn13W1P4nbf8AosL5qPrutqfxO2/9FhfNR5Iz9W+1H40fONx9c+xz3aQ/sj24XxGl/wBBd/e0fZHtwviNL/oLv72lz67ran8Ttv8A0WF81H13W1P4nbf+iwvmo8kZ+rfaj8aPnG4+ufY57tIf2R7cL4jS/wCgu/vaPsj24XxGl/0F397S59d1tT+J23/osL5qPrutqfxO2/8ARYXzUeSM/VvtR+NHzjcfXPsc92kP7I9uF8Rpf9Bd/e0fZHtwviNL/oLv72lz67ran8Ttv/RYXzUfXdbU/idt/wCiwvmo8kZ+rfaj8aPnG4+ufY57tIf2R7cL4jS/6C7+9o+yPbhfEaX/AEF397S59d1tT+J23/osL5qPrutqfxO2/wDRYXzUeSM/VvtR+NHzjcfXPsc92kP7I9uF8Rpf9Bd/e0fZHtwviNL/AKC7+9pc+u62p/E7b/0WF81ZoHFXtbcZIaa2ct5UepJiwgEgd5Jx0Arw2rAEnDvaj8a9TiFyTAxn2Oe7SHA90Q3GuMkNNR9LFR6kmE4AkeJJ7XoBXm6+6K65W+hDDWmnW2/hLVCc5XVekDte70Zpaf4udqmpDjbW00FcfuPJFhpS97enUejNeTxdbUDv2dtw9sWF81YizaJn5u08UfjWw4k+kZfnkT4Oezs0h/ZHtwviNL/oLv72j7I9uF8Rpf8AQXf3tLg4utqD3bPW4+yLC+aj67nan8Ttv/RYXzVn5Iz9W+1H41q+cbj659jnu0h/ZHtwviNL/oLv72j7I9uF8Rpf9Bd/e0ufXdbU/idt/wCiwvmo+u62p/E7b/0WF81HkjP1b7UfjR843H1z7HPdpD+yPbhfEaX/AEF397R9ke3C+I0v+gu/vaXPrutqfxO2/wDRYXzUfXdbU/idt/6LC+ajyRn6t9qPxo+cbj659jnu04+HriA1LxZX69aZvybMw3HtarhEdhx1tOMyUOtpQrJWroOY+FSHrHfd65bQtx8+T32U6qBMSnoWuQfbFj0cwIA9BUfRUNOcdWj9FW6XJ0ltg7ars62GS9b2YiHy0VpKwOUeccDIHXqB0OKTdK7lu7niXc3bdcLama95Q23NHK8vPNzLIwOhJwDgZ5Sa5A+UPi1zg1+V4awpgvs5F7spTPZIIPnp7YHIOTwEdLdEFuL7DEm6uBcZHCUq1meIhQBjd6U0rgYHToBWw6Il/wBOv2a6ILkJ4lxlwHC4b2Oi0k+B8RWvTt0roq2ak0q7KeemwHYhV20hQSWD49Ae/AxnHia45wxt9b0W5Ewd+4jiNdPX476vS8fbaQFuTvGo3g8DzqvGp9LytKXFUeSjpnzHAPNcHq9fq/upy7IcQV02C1AZjHaS7M8oG4wM9HUeLiPQ4kdfWBg+FPK726LeYi4slPbx8kIUU4UBnocZ6ezOR4H0xFuPtlqCzpcNuKLhBdyAG0APpHoHgr5MK/minTB8TftblF1auZHEGQQd38O48CNDvinV11i7YNteJkK07j+B9o4V0a0hq236701Cu9qkol2+4NB5l1B6KSf2EdxHgRSlVM/c2N0blYL1cNIXFqUi3Sl9rC7ZCkBh/lUpSBkfdJQTjwI9dXMzmu5tiNqE49habyIWDlWBuChBMdxBBHKYnSuftoMIOG3ireZTvSeYPxB8KKKKKl1MtFFFFFFFFFFFFFFFFFFM/fHZq2b67fSrFcu0ZKyHospolL0J9PVDqFDqFJOO459hwaira3dS5QtTjQOvWm42to3WIskMxdUtozyPRV9EocSAVONDGTzKSMFQTYWom409MaY1FsHeFamgSJiI6U+Qrhr7KaxJUoJaWw4OqFhZByPR3Gm/EXGmGV3TpypQCSe4CT8ew0k+bbp66QvDRLyoTlOgXrokngZPZVwnWRNLSgHOZYeacDiisvOp5WnVDop55P3BHQII6Hp4YryQGytRL7PZN8rilp534zSj3OJ/0vaE/CHUA+nJqm44ud0Nl1QoVxFv1YxFaRzOXJgsy57SR5oU6nlyR4pWnOc9Se+btmuNrQu7MNCHbkNL3mL57sC7vJjrjLIHO808rDbgA6JbOOngB0qEYLt5g+Ju9Qy5lXPmrGUnw1IPcJn76sTFdicXw63F1cNgoIkqScwGms8o4mI+6pbDKuZKA2edIAS0ysKV0GQ3HX3LbA6rSf2dK+tILyWw2WnRIdK2iCUNSngcFxJ72lp7gk9Cfy0k/V1p027t/f2wiGtPMF++TKGVJPXzVc/2t9ZBJOcd/XPWox3N49Nv9ET/AHnsk2XuLrC5JLbNg0nG99JcvlGOwd7PLTQHd2xUABlXoBmMgb/j4+ORgtzilpbpzPOpE7td/gN5PcJJ+7H7oLr+TprhmvVgsZXJ1VuM4NF2COEjtpk2b9rWt1v0ssqccLgGMJyenLmxO1uhI21u2entMwzzRNO2yNbGDjGUMtJbScexNU61d7n9unxVxhuLrHWUnbzcu0lKtEWi0Su2haOYTk9k88BmQ+7kBxwZSAAkBafNpT4ePdLrtt5uA3tdxHW1nROtWlJYh6gCQ1Z72CeVK1K+CypR7lA9ko5wUHzK3MqyLlwRO744emoonGEoxAvXyC2lYCWyrdAJJzfoqUTMGNAOIIq6FFfELS4gKSQpKhkEHIIr7ThUsrxJktwozjzziGWWkla1rUEpQkDJJJ6AAVAG+fHUztyypVhsT17bQDmQ6vsWl/0RgqI9Zx6qQ/dAOKrTm1T9t0rd9R2mweXJEx4zJQaMhIJ5Wwk9SkEcyumPgj01VDWPEho3cBUa223XOn7hMmOBttiPNQpxwnvwnpzHHhVLbZ7f4kxf+Q4S2oJQe04EZhPEAqBSAnco85Gka722wRJrf3Y4urrxY3tt66WSLZfqcCo7KWVKV2wd5VEnJPd2Y9HfTVpT1hoKBoS/utQWezLiQh1zmJLxQThR8M+ce70geApMrtLYdm6awK3bvVBTgBzEQBOZXIAbtN1crdIMf0huY5p/0JooooqV1Dad2xu0MvfHcqDp2JIRDEhK3n5K084jsoAK1cvTmPUADI6qGSBU/Xjg52liX6bpf6v7hb9VwIwkPJmSGAlCSkK5yhSEpUnCgSEryAe8VEXCFC1W9vPGk6O96V3WDHcccZuMgssyI5KUuJOAVHvSfNBIIB9VXKtd3Vu7qKdprWu2jzCYbalCZKaZn2qSAQB2TqgFZPNkAoBGDnBFQTaXErpi6AachATJCSkKBneQdVCOA/8ANq7FYLY3VgS8zmcUuAVpWUkRuCkkBJnifUeFa+FrhUtO68vWcK5Xl2QmwzW4aHLW+2uJOSQo9olSkq9AKVAjHUHNONvgR0XuPpafJ0FraTcp8FSmih9xl9lLoz9rc5EpUgkjGeuO/BqS+EvRVr243U3XstmUFWyDdIaWE8/P2HNH5y1k9TyKUU9evTr1qMJHG/pLayNdYuhtBrtM+RKcEhxamWWXXEqUkuKCCpSyMEgHHf7aQOX2KXF4583qUY6sgdkJhSQTmB5934U6tYXgdnhzPzshAkupUe2VEpWQMhTvjvjgedNbhw4NWNyNFy9Wavur9g09FU8EpaKEOuJZKkuuKcWClCEqSodxJ5ScgYyo7r8GFic2mXrXbnUEm/2qM0qQ6w+pLqnWkEhxTa0pSeZGCShQ8D1BGDKeloSt2fc+H7Zpxw3K4KtLsRSE4S65IQvmcQoeC1dTjx5x4EGsnD3apWyfBjd5GqYr1qITPlqjSk8jqELylCVJPUKWcYSeuVivXsbvA4t9LvaS7kDekFPhvk868ttmcOLLdopiUKYLhekyF6cZywOXL0zG+33B5oO5cPto1zqXUd9tEeVBblTHEONdgyVq5RgdkpWMlI8e+tLdHgs07C2iGttF6plXmzsoEh3yjs1JdjhfK4ttaUpwpA5iQoH4JHQ1LWgdU2nQfufVgud/tDd9tMKzxPKoK0pUl5JdQnuUMHlJCsH72tfjhu0rR/DRDj6Sj26Lpi4rbiS/JmeQNRnBzI7MJwlKVqwknH3Yx3k1rZxW/VfBtLhguqTrGXKIkbpnUR7Na3XOA4SjCi8plMpt0rMZs+ZQMKmcuWQZ04EnSm7YeBXa3VWnJV4tmt7vPtMIuB+WxNiuMs8g5l8yw1gco6n1U1dvOCfTW52vr49atVPytC2YMttzo7rL7015TQccSHEp5EpQFDJ5SeuPDNPDg/PNwRa3J+/un/7VNNrgLla/0voS63KxWyz3/TjriluQXLj5PN8pbbAIa8xSQpSeTo5gHCTkeO5dzftIustwZbUEjNlG/jJETA04b6TN2WEvuWOezAS6krVkCiRAgCASSmSCY10HCab+5XDntnK2unal0JuAxKNuKkqjXKY1iStIyWk5ShaXCPggghXQdM5qAK6Aas0RpniK2eu921HoqTpW4x2X8P3OG0xPiKbRzB5LiCSW/acHBBGK5+sqK2UKPepIJ/JUg2YxBdw24hxSipB+lBieGZMBW7fFRHbfCW7N5l1lKUpcTIy5hMccqpKd40k+ua9UUUVJ6g9FFFZoMFy4yUtNJBUckknASB3knwAHea8JAEmvQCTAogwXLjJDTScqPUknASB3knwA9NebxqJmG2q3W8Kkc38atIwXyPT6EDwHj3n0V5vd3Cgq1Wxf2s4MqTjBd9Q9CfQPHvPgBghw24LfK2MeknvV7awAzdpW7gP4mtxUGxlTv4n+A/ifR46cVD92Z7RcgtIJI5GhgjHpNZRYY33SFrPpUsmi2jsZktnwSsLHsNblbieVJgBWmbDFPc2UH0pURR73vxurElRA+4d84H5a3KK8zGvYFajF0w6GpCCw6e7JylXsNbdat7UlNrdKkhXTCcjuJrFDecty22HzzIcA7NfoP3pr2Jomt+iiisa9pW0RG8p1HHHoOf7as3eNKOtaetV5QlSmlM+Rvq7+RQJUgn2gqHyVXDa5HaarbH83+8Vcd+exbuHqcl5SUmSWWm8nHnBYVn5EpJ+SuZ/lEYaxfYJeNvmMjecH+8gZh64y+musOgy5Wza26kCZWpJ8CYPq3+imPpKdbYkx1u6xe3jSUdn2qSeeMc550/8AjP7KXt05rkONb7fEDLdmLIcY7FYUH8eJ9h/KTnv7o9+qNhTCn22pz0RvquS1FcWwgekrAxj11qva8tqGwpt1yR4ANoJ+Tr0r5woffbtjb5IzbjEGJ3ExqD8GNK6kXbNrfD+bdw3iY3jXQ/G/WlhSghJJIAAySe4UzNUazcmTAiG6puO13qHc8fSQehT7fbW1ehfNStKQzBdRHzgtNqSpxR9ChnPyYqbOH3g68gkMXrWDTTjiMOR7XkOIQfBTxHRR8QgZHpJ7hItj9i8Rxu7DNmjd5yj5qBzJ58gNTw4wlxbGbazazunwHE+FMXayXE0nENxltSPqj7JEiIh0LbLbbqThaPvUFOeo7+vpqTLLu3qbTunbVqNSkXGxznXI7rJKiQpC1J81SiSM8pwQeUkEEdxqV9a7Uac3FXHXe7PCuDkUYaccR56B38vMMHl9XdTF4k9Q2vS+hY2n4yI0dRLa0sNJCURWG+ucDokdAAPb6Ku3Edib/ZWwucQTf5G2ky1klKlOFQIzjUKnzI1BSZIEVDLbGGMTfbYLGZSj2p1ATHDiI3zpB8afN/3XsGlds5GsLlcWIOnokMz3pbpwltrGe4dSrwCRklWAAScVUyV7pFuzuW8i57Y7Is37TTpkLhm7akZgXO8NsHDq48YjKwnIB5C4ArzSebza0fdCGrtbvcx7LJQH2oSLtAm3Tvw3DckrW2V/zQ4uOT6OlVa0H7q/atvNrNHafk6Iful920dzY7tAntRUTEhKgG31Fsuob87DiWie2CcHlBNT+52wJNui+dNsFsocJSJJWoA5dUqgDXhqdJqf7FdGrt5g7mKYZZJvnevLeRaylCEJGquy41KiSPpaAghJ1joZwMe6C6U44dP3RFuiTdOar06tKLxp+eoGRD5iQlxCgB2jRUlSebCVJUkpUlJxmfK4t+4uap1HuZ7qDcdRJUtw3O0XefqBxhPIytLzra+oHQJMlSOUfzfVXaSpXsfjL2J4cm4f84EiYiY4xwniOc1DOl3Y+z2b2hVYWJ/JqSlYTObJMgpzHUgESCdcpEydaKKKKlNVhRRRRRRRSDuXoGNudoqdZZTi2ESkpLbyEhS2HEqCkLAPQlKgDg9/UeNL1Fabi3bfaUw8JSoEEcwdCK2sPuMuJeaMKSQQeRGoqje9O1Nz0c+iDqyEEtc3Zxbk0SqFIBP3KzktqOP4tfyFQ61DevNlitKnEsG4IQMBTasSGAPvc949XUV1BudrjXqA9FmR2JcWQnkdZebDjbifQpJ6Ee2oG3O4Kmh2kzRkoQVDKveuU4pUYnv+1OdVNH1HKfRyiqG2q6KnQTcWErH2x/BY9So0AJ1q8NmOk5ogW99CD9g/xQfWnjIGlUe2j+ozby7qc1TthpDXFtLpW+p6Elu4xx6cZ5FJ8cKSR6010N4X9fbX6u0tybdRbFaGggLftkOG1CfYx0BW0gDI8OYcyT4E1VPXW0RlXJyBdIMmzaiaBKUqSlt5WPu0H4Dqc+KSQfTUaytFXXRtwbuC1SrFdYjvMzdbestpCx3KVy9UE+n8pNMOA7dYvgSuov09c0NJIhSe4neCOSpHARSvFOjTZ3EybvCW0W76teylMKnjpEg8xqd5mupVRHxfbDbdcRO3itP69YjK7Tm8hkIA8tiOFJ6tHBPUDqkgpVjqDgYrpt57pVqHR0QWTXkQvNp5W06jgMc6m0nxdZHQn+cn8hNIPGhxpQ9F6bskfQF6g3O+XtSbi7dk8kvyRhCiAMLBAccUCCFDKUpV0BUKvHBtrMPxtuLBQUeKVaEeI4xzGnfNU7tFsZdWCVMYq1LatJiUq9PtAMHjFPHgm0FuZwjzpWn52u7ZrTbeOVotdulxnxcICfuOyfUSEN4xllXOE/cqHjY9vfs83n2rp/NkZP8Aamucs73Y3+CbRrdw3H0wLnEblMxlz7AlLMoBwkcxjrVyLxjJCFpPToKslw9cWe3XFXpNd50BqmBqGOxyiTGbCmp0FSu5D8dYDjZPXBI5Tg4UaXuG6txE6eumbC8Ns7ZgW7EwN0qJPrJ3Vzb/AMJB1rfdV8aekWdMKuUeRO023zNMKCXFcjjh6qzgJHMT3gd2fCqScPcnXEHiK2/Zvzt7TBuN9jM8sxXMlRS6k+1KspyO7IzjIq6nu3ErVjXugmh5OkIbcm8wdNB3keQhbCW+dWe0UsFCM9MKPcrlwc4qv+oNe6/1xxZbYy9QabtVotLV/EiJHgNxUB+SpRcUHnWQcFRJSkuEnGT1INRxT9/qlCEloh0qUd4OZffx0jQ8ZPKZWthgBwV+4uHXBdpVCEADIQYgnsndCs3bTvTAO49Rd9Guy1i4P5zn/EKZVLer9ftbnx7fekQpNremtqXJt8lba37e9kc7Ky2VIUUnuUklKhhQ6GkSuuNmyDhrRHf/AKjXE3SCI2huZ5p/0Joooop8qG1vaZvty01qCJOs8qXDubDgMZ2KSHkrPTCcd+c4xg5zjBzU+X7dniLTpV52VC1BEh9ke1ktWRpuQhGOqjypKk9PEJBHqpj8GmqLDo7iDs87UL0aLDS080xJkEJajSFJAbWononpzJ5j0BUO7vq6eqtP67l3+TetJ6vsz9vmRwmNarnbg5EaVyj7Yl9lQcOTk9eYecfViE7R4m2xdIacZQdJClgnj5oIBg8ddP42bsZgjt1YOPM3DiTmgoaIBGnnKBUmRwga8p1ilWwWtt0rDGu72gmLrObnSEOXB5i3omlbuCQVKWCQSFE+vOTTM09oHUW4s2eu02a53d+M4XJnkscuFlS1KJKgO7JCvyGrjcCtuu1qve5bF+iRoN5RfUKmMR2w2yhxTIUSgDpyEEKGO8Kz40xfc5h/553K/oNf8yTWTmOdSbt5ptMoDeo+lmjeRvidKxZ2XNwLC2feXldLwg/QyTuBmCSO0OdRPsBI3T0KPfvRNq1FJtlxyl7yaH28WXykpJwoFPOk5AVjIxjqOlZuI/W+5+oIsVOtlXpm0lfPHaft/kUcrAJ85KQAXAM/CJ8SOnWrJ8Gca7S+CiG1YX40W9ONTkwXpCeZpp7tnORShg5AVjPQ1k36lyNI8IN5Z3Kn2e532XCfYxDR2SJrxUSwG0kAlaPNPMEjHKTjFIFY4kYqR1KCoLyaeeRMZhpw8e7vp2b2YWcCSRcuJQprrNT+SBgEpOoOp7jz36GuwG9d42jY0imwahf0quM200wizIIU0lQcRhzl5j1AOc14uepN5V6NibezbXe1W6bCUxGtr9obLzzDPLnlUU855Mo65yPNq4N2iX67bL6fb0rqK3abnpYilUqfDTJQprserfIVABRPKc58D6aiHQl71S5xv2Sy6pv9u1G7aLLKdjyocFMVsB9CCpOATn+LHUn8ma12mNh5Liwy12My4gzIHnbokmJMzW2/2YVbLZaNw+esyN5sycuVR1R52aAJgZcs1EGkYu9u3mg7hpy16c1LFstx7ZUlg2VLpX2qAhfnFJUMpAHTu8KYW3G7eqtjrvJXYLlLs76z2UqOtoKQspyMONLBHMnqMkBQ69a6Bo01rz+HRdyOo7YNCdiEi0+TBUkr7LGe05QU/bPO+EenTHXpS3ja1dY9a8Qdyl2FxiQwzHaiyZDPVuRIb5gsg/dYHKjPiUeqnHA8WTfvKt3GUELSFKKQYnkuRqfX6eDRtRgDmE2zd21cOBTayhAWQDEec3lOifV3gaSjbkcUuu917Eq13m+rXbXP42NGjtxm3vUvkGVD1E49VR9RUjaChbWu6CjL1NdrtD1AZLwfajdoQGc/ayByFGcevv76lGVmzbAZb0nchPtgff4VBAu4xJ4quXpUBvcXwHAE+O7xqOaKlGJbtoFXy9iTf7g3BZmw129TIfcL0blSqU2AUA83NzpSteD8E48axXPS+27lnvabTfnZ9yNvQq1tOCS0RIDrvaKcy2E8vZdiUgqxkLyax+cUzBbWN30Txj7p15Qaz+Z1RIebO/csTpO4bzMdnnI51HMGC5cZIaaAKj1JJwEgd5J8APTX2/3pq12tyPDPM0cBx3GFSleA9SAe4eOMnwAkzWMnamDakQ7DNvEkyZ8VD7qnHE/4qFEvLJKASeXl81KVALUcAgCvl6g7Gy9UM29Fx1G9HSZMlUpLziGG2woJbbUOQuc3KVFKgnBUkBRAUcahf5oUppccsvLn/AUoOE5JQl9qdJOfnpA09Z4Comt0PyOMArq4rznD6TXqXMbhNc7h9QA71H0CpcjwdlIE+EhNxvr1vKI3lTz8l9K2TlXbEJS0cjAQeh68xA5cZpF0HZNpZbBl37Ud3W+qfKDXYMuJ5IZUURlAFJHOOXnWCclLmPhCtwxEEFRaX+6fj4FJzgxCgkPta/3xAiN8xz08DUYojzFPKlJ7JC3Bjslfe+HX01kbvKULCJDa46/53VJ+WpYuUPalOo4yYl1uC4RtTy3ed18I8rBb7NJV2RcHml4kJSpHMlocwClY2Ra9nYypIeu0+5oXOJjtoXIbKYxQnlSrLXVQPPzEdebkCQU5NBxEQCWl/umvBgxkjr29D+mOUz3+jjUVIUHEhSSFJPcQcivjzyI6OZxaUD0qOKlFNk2IgBt1d+1NFS7yJcDSnCWlqUQcAowpCfN8QojJ6K6U0t0tN6DgO25/Sl2euAXHSJbM4ul9LnnHnypCUYwACEkgE9MjJrJm+Di8nVrHeUkD11hc4Wplsuda2qOCVgn1UyLlcmZoaQkktB0FxfKeUD20oTIyZ8ZSDjC+oPoPga+qWy40pBU0UdyhzDArRYmN2iQGHHmyw4ftSiseafvTS+OVNUxvrZtUpUiMUufxrJ5F+0eNbNaCXkM3/lStB8pbzgKByU+Nb9eKFegzSlpy9/U8uZLS60081GV2POQOZzIwB6TVmeF69wd6tf2y23WRKvdugQVykRVNhbLLyVJAS/y9CMZI5vhEJB7sGnGv5jFus7L8p4xorb6e3eCSost9edeBknlTzHoM9K6a8LD9pmbaW2TYnID9mlxWnYT8IpUxIYKR2a0qT0UCnHWuWek3C7nGdrCw46E29ullSkGSHCcytRmAgQN4UJAMSK616KLlFpsolxKJW4pwBW7LuG+Drv3EcakxDCG2Q2lCUtpTyhIGEgd2MeimZq/h+0tqeFMU3ZLRDuT7K0szWoiEuMOFJCXBjGSCQfkp7Vgud0jWWEuTMkMRI7fw3XnA2hPtJ6CvcRw6yumSi9bSpAB84DTvk7vGpOxcusqzNKIPdUD7McI0qzXO4SNZG3TWQwiNEaiPup+CerpI5cdOmOvec0ka110drgprSF9ugt8lPZxYzqkyDLUV8pcj5BKGh1SFnPaK6JBAKqcW+u+8aZbXI8NaZFnWVNJCFke/S0nCkhQ6iIg9FrH8afMSccxqO9v7FN1FrC3yZc1trUWolc0B17lR5CwBymUEnA5uUcjDY7sc2AEpzzhjbeEWbjeDbNtw4D+eSYc7RjRaSkkEkBCZAUYJhvVx5dxy9eWXHlSD9EiU6f3TI9O+pCtWtt0Lpp4tRIaZgjOuRFzWksKdWtB5V9SsJPKcpyEd6T6KTNPcMuotwb95RqxfkFsU4HJTSpAfmXDx5FKSSlCD4+cTjpgeE96a05E0lYIlsgtdlEhNBppOcnA8SfEnvJ8SSa3qspnostLlTL+NXL1wUAHItzM2FRrAygnxJkjzprNG0r7TZbtm0Nk7ylMH1yfjdSVqrQ9o1xo2dp6726JcLJc4q4UqE82Cy8ypPKpsp9GOlc8tyv8AB1dPX7Vj7+l90L/p6xPL5k26ba27k5HB+4Q/2jalJHcOcKVjvUrvrpFTb1FudAs0t2HGS7dbkynmcjRcHsB6XVkhDQ9ayPYal+0dlgrjSXMWSmE6JmQZ5Jy9ok/oiSeApw2R2y2iwNa04E+pvP5wABSe8hQKRH6Uac6jXgj4B9DcCWh5Vs0q1Mm3O7FDl1vE9SVzLgpAPKk8oCUNpyrlbSABzEnJJUZuqI/4a5961AzCiXS0NS3lKDbEeE5LjpISVYckFSOmAcqQggd+TUl6Rv41Vpe33INKZ8vjof7MnPJzJBxnx9tJNl9p8JvyqzwsQluYjLBiJiCSCMyZCglXa3b4btok4m8+rEMUWVuOGSTM928DSBAiQAIGkUo0UUVMajtFFFFFFFFFFFFFFFFFFI2t9vrLuPZjb73bo9wjZ5khwELaV98hYwpCv5ySD66rvvDw83Hbvs1W6Q5qW3yVFDUV7lFyaAGSAroh9I9CglXUdVHrVoaizcR3373IKC6+GrbHDYQh0pSVKwSSB49QO/wqLbR7O2OIIzPJhe4KGivTwI7iCBw1qR4DtBe2C8rKpRvKTqPRxB7wQTx0qnN+28tl+7byLEZSAQ6ytBb7NXilTahltQ8Unp6qh3X+zSYtzdQWo7SFp5+z7PCQr09DkA+kZwa6Aay2osmuUc8yMtuakYbnMOFEpv1c5zzD+aoEeqqScbO50ThRujMfX7smHZVPg2y8x4K3EzUrykfxfMUrSfhpx0OD1SQaoXHtgMUw9zyrC0qWoGQW5n0pBzA96c3eQavLAtvMMv2/JsSUEpIghyCPQoiCP96PAiudXuj8G/6fuFkgLira0wVKdS9nJXLwR2bno5UdUffcyj3jAmj/AAc2WW+KDcdjph/RrSvWeS4s4/4j+WpJh7jbR8YOkZNhdvWn7wuUOxUx24ZkL8UqDK+VZwevm9UnqDSn7lrwrx+DDiy1Xcbhf4irDqXTwtdockkodL/ljTvZrXjkPmIOFEpyemM99i7K9IQubX5rxwFq6Ajtgpz8t4EK5g6HhqYEC2p2D8nfOIYLDtsf0SFZee4mU9+8cdNTA/8AhAm4d72942bHIsN0lWqS9pZhlxxjl5lo7Qq5TzJIxkA/JVVuF7eLVm4/FBt5b77qC4XWGi9svpZfS3yhaQQFeagHIBPj411i9034CtO7/wC5EHVmoZ0iAymG3B512kT2ApHNyjotCm1YJ9IUMeIqtOkeA/b3ZDW1s1Pb76Zsi0vCQ2xGsJireUk5SkuFxXKnOCcDJxjxrdc7b4RZNu4fdLKXRnEFC+JJEHLEEEEGY11iq1cC85HCp70r/lG7f65H7FUs03dB3eLd5d0XGkNPDnbWQlQKkghWMjvHce/0GnF3V2LsY4hzBWFtmQQSCNQRmO6uU+kf/wDY7rxR/wAtNFfM5WlIClrWcJSkZUo+gClLTGkp+sJBTCbAZScOSHOjaPnPqFPtqDYdn4QefWZNwWOiiAXnfUkfcj5++nq4vUoORGquVRy0wxbo6xw5UczWHZG/R9lteMXTVukGr5YpDPZPofityVRckEOoCugWMYIOMgnrnFWC0xxB7F7W3+4an0+/embjcmlJetsRiWhglRCjysK5WEqJHf0AycYyarMhd/3jlZBNvtCVd4zyH6av7BSxeNA6etEKNbhEmz7rJ6R2onM5NlK/mpTnp8mBUexCyZulzcqUCRBCFQCOSgZHqqYYTiVzYt5bNCCkGUqcTKgTpKSIPrnuqU9j+OeBY93NYXXUkGTFt2rJLMhpUZPbqgFpsNJSsDBUC2lOVJHRQPTB6LSuI7aHYjTOpHdvGZ8696jClFJakJabWefl5lPgcraStR5UZJ7vZDulOCzcrWDC3o+nUwWBnl98ZrbKvUnA5jn05ApVPANuQUL5INncdR3tJuPKs+zmQAfy0letMCU7Jfyg5QUhYynLEA+Ec/bS22v9qkMAC1KyCopWWyVpKySopOkTJ4eyBTr2r4lNKaP4M7ho2TcJjOoXbfcI7TbcV3HaOlwt/bEjlGeYdc9KrbcHnZ6FqdddfcKFISp1xS1DI7sqJpz7ibLas2nV/wCkVguFsaKuQSFpDkdR9AdQSjPqzmmwelSXDbO2aLj9srN1iiomQRJ5RwqF4ziN6+lq1vEZCykIAggwN0g8fVVxr9xI7M7j7Z2ewank3CWxDYjl1lMCSkdq23y/CSB3ZPUGmZpTc7ZzaffjTd70l5dAtEeBOauSlR5Tiu0WGgzhK8nwX8Hp3ZqtJkNg/DR+UV8VKaQkkuIwBk9abmdmbdtKm0OuZVTKc3Z7Qg6RE8u+KeLjbi8eWh5xlrOgpIVkObskEDNmmNIPcTVsNK8ZWm9P8VOqb2qbMVpHUUCMgO+SuczchhtISrs8c2DlxJ6fenuqB+IW66d1DvBebnpWQ5Is91dExIWwtksurGXUcqgDjnyodMefjwpWi8H25MyM083phxTbyEuIJmxgSCMjoXMjoe49ayJ4M9zVHA0s6T6BOin/AOpWFkjCbR7rmn0zlCT20wQmACe/Tf7K24k5tBf23k79oopzqWCG1yCokkA/oySY18ajGpD0BxCP7eaGTaItitMiQ0uS41MfTzKQt1C0hfLy9Vo5sA83VKQnA+FTI1PYJmi9QTLVdGDCuFvdLEhlagS2sd4yCQe8dQcHNaSXErGUqBHqNP7zDNygBwZk7/iPGolbXVxZulTRKVDQ6ajXUa7jI8ame28ZEuE/2rumLPIU3JS+ykr5W0pTGSwG1AIyoZCnMgp85Xd0ptyd/lyNuL5p0WK3oReVyXBKSsJdjqdkqfSRyoGQ3zcqU5CegJHhTT0Joe6bm6kRaLFFE+5OtrdSwHkNkpQMqOVkDoCPGn39ZZuj/JKR+mRv3lNblvhVusJcKUnQwVRu3GCafmbvH7xsrZStae0mQiR2ozCQnlHeOFZpfE8xdYstiZo2zLbnc5cUw+WHEqXGcYWpBCCE83bPOdxwtY8EitK6cUAut0srSdJ2dpNglNTklTvaF0IQtAQPMHKTz5Urzslts8o5eqPuLw+6x2lsaLlqOyrtcJ19MZLq5LK8uKCiE4QsnqEq64x0qP1OpaviVcyeV5nGc9Mg1ut7DD3U9YzChzCiRy5xSW7xXFrdXVXMoVoYKADvkb0g76mC+8Ti75KtLh0rYGharj5aQlPnTGyl1K2HVco5kr7UknGebmIHXA2rJxjrk25XPpCzsczkghEV0Mob7VlLRwOyV1CgpweAKyMYxUQCU0D/ABjf9YV62709L1nqVNktbaJVymSVNx2A6hBcOCrGVEAdEnvNZLwmxCCVpAAHM6DjxrBrH8ULgS2slSiNyUkk6AcPDSpiVxaIUhzOi7EouOR3ShTxLPMyeZCijk+FkJJIIyeY487ATb/xLrv+mL9alaatLLF7hOxAUKAVFUt5bgcSQgKUUJUlCQVDzW0Zz3V4HBzuUf8A1YX+nxf3lZRwWbokf5pSP0yN+8pAn5lSZDiNIPn8Ru+lTssbTLBCmXIII/NcDv8Aod9bEjjIl25S5LmlNPSlCY26yhYwhlCWktpSQE5UpJSSF5GA44Medka2neJyVp26y3TYbTOhy7pNuRhSACwkyA1ytgBAwG1NlSSMZ7RXdSdc+DPdKcox06TW2gHJWufF6kegdrmtmPwa7sZw9ouT/TbnRSk/J2uayAwQCAtGv98e9WJO05UCWndDP5s+79+lbEvibdlXiwTPqYsI95HJKlMlOWpSXW+QNkco5UDzVkZPMsFWRnFb8/i+T71Ptu6UtbDakS20+TvJbDSXlJKeUFo+cgJ5UnPcT0FMrdDZLVOy9viy9UWldpYmuKaYUt9pztFJHMQAhRPd6aY7DKro6l95PKynq02fH+caVtYbh76AtsBSRuIUSN54g8yab3sZxe1cU08ooUYkKSAdwjQpkaAffxNSTr3iYTuRp562TNF2m2pucxM1t6HKU35M4hooTyJCPg/BJQTgnmxylWQxK05R7W8xUj/RpU4f2VuU4MWrTCcjIgeJP3k00Xd8/dr6y4VJGkwB38AOdRTxc71p2I0TYrs/ANwgy7y3BloBKVNoW04oKSruCuZIxzdD3ZFPbgt46vrRPIb7pOajVu0OoLg3GvumWHkiZpqZIWEiVEaUQWgtZ89g4QpXVJSVZqKvdArYLptLZQ3pybqyazfG3olqZZceZkOBh7zpCW/PUylJKikEcxwCQCaZvB5H3o1NvDoyzXzRUpnSVwvkCPMMnQ8SPAtcfylvnc5jHSGktpBUF8wKSkEk1yj0t4Y+naxOIWbikOZUDspKgRG5WoA9EnmN09vdArdq7scG7kJKczmYKUEyJ4aE5hwOkHidY/QTPuDFqgPSpLrbEeOhTjrizhKEgZJJ9AFVk3t3lc1O+zNLTfI6Oezw5DSXEx2D/wBtdbUCkuudzSVAhCMqxlQNO3dXWE/VEKFa5zkF+2sz1NSlNOFEW6FbXa28rUCeVh1Xmrwcc6MZwQagl2BedZatkNuMPyLw+6syEOJ7MtqT0Vz5wG0oxg5wlIT6BVQdLm1N4h75ntkkagaAyokBQI5gBQycSvMdChMomUiMxp4w51wulxthup0Rcbk60yY8O4wlCQG1DLKPtDYBykghvJwCMjrS1fXomqNUu6fbut4vU+aqOsqjZlQrLIbVlTiCvCuzB5Unl5QlOepOAEFyZAlIdbtV8tMOYEs2hc+Y8pkpiNMobLjPm9Q6rtOYghXIlKegUTXyXpoSWXbDCfjRYC0qEeJGlsvybo4kHEmUtsqQ2wgeeQohKEjCQVEqqvW7lxLamwOtBOpzFRVoU5c071CQVGYJAbSV6DZHGrIbWbnN6x0ELhcVxoM63lUe6NEltMR5BwoEKwUgjChnwUO+tRW+kSQvtIFk1HdYHNyJmRYJUy4e4cuSCoZ6ZxioMYvtraEiYXXryl1bTUSG6VJjLQw0llEmR1ytSuUqSj0Ecx8K+WyVe9V3t24IuKo70NAW5Mck+StREZ5UgEYCRnoEJHX0d9SO+6Y8QR1VhawtadCUQtSgPpk6pTKRmKRJ3kqbiDMsJ2Vbdt/KbnQHnIHd3meeg5BU6P3X+8kmSXGp8hURPd70218dsfVIkjoj1oayrwJFMZD1113EXHbEW3WOEed1CP8AF4ET+cs9StZ/ncyz4UuxrQqbcWvqi0xIlqez2dxtTalMySe5TgYPI4M95QUq9IJrLrRuY3Z5T0q0RoLek5LTcQMIcVbZhK8KR2a+ijjqVjr3pV1xUJxleI4mXL3EHlFABlELS4QBnIcJTlSMoKsqfyaikhASo5qktmm3tsrLCBm01kFMkwCnWSZMSe0AdZGlKu2G1o1GypMND7FmfHZyro+gtybmjxaYR/omT3FXwlDpnwE3x47cSOhppCW2mkhCEpGAkAYAA9FYbLKM6zxHyhDReZQvkSQUoykHAI7wK2a6k2N2Us8Fswm21UoCVRGm8AJ1ypEnQkqJJK1KUSTWeL4o9eOkuaAcN/pJ4n1DgABpRRRRUwppoooooooooooooooooooqIbksncG9c3eXCB7AR/dUvd9RNr9r3h3JfcWOVqWhLmfURyk/1k0gxDRKVd9K7TziO6vtRTxp8Oek+Kjh8uuj9ZQXJlslOtPsusOdlKgSEq8x9hzB5HE5I6gggkKBBxUrDzk5GCD4jupq7hXFMy2rZbIUhCkAkdxJcSKb1uZBIOtK0pzGDUHcO/udGzHCu81I0loW1e/DHQXm6j3zuee4kPPZ7PP/ALJKBTr1vw2aa1exIDUZNtck5KwykFlZPiWz0H+7j2VIK+rivWTXymDFMNtcSR1d+gODv3jwO8eginjDcTusPc6yycKD3bj4jcfSKhjQW12v7PquHouRFY1doy8ExlpkPYMBsAq7Rt4+ckJwMNrz1xyEGqccfm+tt4Pt652kNYaU1/pmwuFKbTqO4QEOwLqSnKw2plRPKknAyOc4JKE9M9LgeVQOPgkGuR29fuy2otqeJHd7aTeTT1u3m2fY1ZcYDMS4NtG6WhgPq5BHdWOR9CQocrbw5gAAlxOAKa7To7wq9bNveFaynzFFXaQnTsgxqAZICswE1o2hxZV66m4U2lCohWURmOvaImATxgDnTr4PdydPbmwtTTNPXi33hhqTHS6uMvJaJQ4UhYICknoehHgannRNpYvusbfDlILkd5S+dGSOblbWoDp4ZAqBODjQuy9ig6o1DsffXbjprVkqO/Ktr7qu3sT7SHAGFtOfbWSQ4TyqUoHlyhRFWE2y/wCsS1f0nf8AkuV1ZsNhKML2YYsWVEhAXBO/VajwjnXIO2kL2penipH+hFPDcvXLmg4sWBbYzTS3m1KQvlAQwkEDzUjvPX2VoaU2icmSDctRuqfec88sKXzZ/wBYr/ujoP7K0t+v8vW3/UL/AONFOzdz/q4uPUjIaBwe8F5AI/JTqmUoQlGhVvPpitCoW64pzUNxA4bprRla+e1BqGDprSbLUq4z3kxGHMfaW1Hp5oHwgBkkjoAD391XL2I4cbZtDYj0U/c5aAbhcHv+lT1d5ClfcNA/BbT0A78nJqvvucWj7fJ1ubsuO2ZzEaVyOHqUAOJbAT6PNJ7u/NW8iNr1I0HnzyRSSEsJPw8HGVHx9nd7agm118Uu+RNaJG/vP4DgPXwq0+j7DErt/nN+CtR7PJIjh3nieWg4z6VcFSWy3BDbTDfRUgj7WgDwSPE/2VmsqIwaWphZdUo+e4o5Us+nP/gVHHE9Z9TXeyWiLpwyPJ0vOOTWIrnZvOoCPMAwRlIV3pByeneM1T3Uu9GvNl92Zz0a8X22rbU2oxp6nTGeISMpW255pHh0wR4EU24Rs8vEES04kK10Pdz5eqnvaHa9vCHAH2VFOnaHfynfHiK6IXC3R7tBdiymGZMaQkodadQFtuJPeFJPQg+g1RPjj4V2dk3vqg0+2pGm7kpTS2ASfe18gkJBPXs1YPLn4JGO4pqWbl7plp6JpiE7FsN1n3d5hC5DHMliMw6R5yA6clQBzgpScjHsqCt+ONbVu9WkrjZpEe0WyyzGiHYzDJdccAPMnLiySCCAcpCe6pFsvhGMWl0F5cqNygTvHcNTI4GPTBqHbcbQ7O4hZFrPndAlBSNQeRJgQdyhPfEgUoR9NWlFtbddttsAS0FrUqM30HLkknFbuz9t0duHuZZbSymwyRIkBxxDbLaiWm/ti+4fepI+WsMz/NZ3/Y1f8unD7mbpiKNTXvUsxxptFviN2+MXOmXHDzuEexKED/fp4vXQ1ZPXBVBSNPE6D21HsLZL+JW9olIIWdfBOp9lW9XLsbaCpaYKUjqSW09P7K9362x4VtLjMdhpwONgKQ2ARlafGtDXWvrPYtG3SbJnsIjxIy3XFA5ISBk9B30q6nObMr/WN/8AGmqkymJ4V0BmE5Z1qrHFftdFt3EBOvDsOPIjX+2xXPtrKVhL7SnW14yPFHY/kquu8dtj2/VUZqOwxGbVCBKWmwgE9osZ6Dvq9XFRpcX3RkqalOXrOGJAPj2ZU4hY/IQf92qOb3dNZRf9hH/MXVr7JXZfabk6p7PqGnsiqE6QMPTavO5RouFD0nX2zUtcAV0t193YjRJMKAm5RYUj7YI6Eqfbwkc2QO/wNXIXcVafV5KtKni4cRPErP3hPq/ZVEeA+Mp/iSt5bV2byLdMKFeg8qOh9VX9ts9NxjheOVxB5VpPehXiKi22zIbxEBPFIPtNTroyuC9g5UreFkexNQjxyLt2l9jWJd0YjzXBdGlYcaSsuuFtzCUhQ+T2fLVGrJMjL1xBuNyEBiOhxxx1K0oQw2ktqATg9MA4q43ujC1TdmI63xyuMX+Ohts/cJ7F/CvXzen1e2qWkZBB6g9D66l2xVulWGkneSR91V70l3ikY0EgaJSk+J1qUX9U6KCG0tSdMLcfwGxljrnxqQ9h9J2S17u6dkuQbY0WpRUXiwhOCW1jOceuqrNsptNxCXM8jhSllZPRPnDzatjtb01/Yv8Aam/2Upxq26hhYBmUq+6kezV75VdNqUkCFp+8VbdK7JgEe9nyBFfTJXC083ygdu4OzbHpUTgUpo+CPZUdcQWqrhpzR8qfbJKor1ueZQlwISrzlrAV0UCPgn+2qft2VPOJaTvJj110RdXCbdhT6xISCTG/SnyxYYjLKEqjsOLSACtTYKlH0n114tCvI5D0Jf8AojztE+LZ7vyHI+QVRLcfjM1zZtwoaWdQP9haQFPoEVnDpX8IdUd4R3f0qdOvuInXz2mffK06keTJiJ7dtSIsdXbNEZUnBQc5GCPWkVJf6IXgykrSM3efwqFDpDw8lYS2slO/RPs7VOD3VsBOkdEOEApRdXsjGR/E1Us9CaX95t+NVbx6fisakvS7o1DdL0VKmGmylZGCRyIST09NM9ycbqhMdnmSpY+2qIxyDxFWngGGuWVii2dIJE6jdqZ4gVRe1mMs4nijl6wCEqywDE6JA4E8udZLZ/jUl+UfgrPI3/RFbteWmksNJQkYSkYAr1TuTUcFaN6sZvjsJPbIjBl8qL7pIYa5m1IHaKAPIgqKRzkYTnJ6VJnCXrqNuXq93TL4bsEuGw+/JkTZTTkVgsOeennQcKGTgKHQ4z3YptaDkS4+oWvI2S+6scpTzcoAyO/qOlWj4btvLdC1JKdt+jdLs3uzsMSHXW4jCCPKO0UlSV4BKz2as9enSqr2wWE3pnkK6U6M/wD2JH+8r76dLeobdpjQcm1zoLl+uGoYca1221JaU27LjsNlKJC0nzmgtanFpz53KEnoc4Zev9t7pbDCg6gVGiahfiJ8nleUgs3NsYHYPq6BLyMBKVq81YASTkBVP2drKJs1rqRPOnFm7XY9pIW+pwr5fuuzeWVDJPekHwGcDFQvr/eD+EviM1BaEWTUjSVRvL4EiSyH2ZkVtCe1WC2ClpDazjlWfHJIJxXPeN9H11tA47c4q4lJjK2lAlISDoVqIClKMzIyhGoAUCvNadxc2iWkNWyDI1UpW8nkACQEj0k75G6nZt7sXK1NzpahC8S2lcsgJneTwIJ+8ceQFKdd9KGuiPFWTgOLUWzc7TEtuxSDbYbN4hvOssWllTbcqQ1hSWXnHCpx0EDoCQOYp6U69J8Sdl2/22t7F0TDFzbb5UQLS2nCU/cFQGG2lHvKc5Ge4ZwEm/37Xm9aWJ8bTaLNa7UszYrrxIkrWlOU8pVgqzjuCQD6T0qpcYwDAMPslWFg4q4vBGZLIzEJkdYCpIkSmR21ecZCQOyH3B8GuCtN1doCGtYKzlBMaQD52saAEEVGkVhctxtphtx1bmAhDaCpSvUAOpp3saX96tMSrfNkswXVuNTrotQ7Q29lBKWWylPe8tbhPID0AGSOtaWo579rmJu1nkSIELUDRcKY7hb7JeftzBIwcJX1A+9UmtHSfv1Fdcl2ePOeBSWnVMxVPtOJPehY5SlQPiDmqOsW7eyuiw4hTqiCJSNMihopIBBUFpIntI7CiBCiFps14uPNBaSEgRv5g7iYgQe46gHdIK7pq7zWA+zo+A/EbbH+MXGQ4kuAffKUSGWQfQAVfzjW1px9kakCLhqtV0lz2nYimE9s9FdU4hSUoceWQMFZT1SkgEDr41heku6uiQ4Vx09qJLkQEIYtbHYR3TkkqLKmylKznqoegdK3LVYCjUURiBa4aL1HyYdvad8pVFWSP8Zmvd3mYylseOOg7jL7FLpWyWT1iEqTAIcSkGQSlDSAlOfeIKlqdOoSQSQ1PlICwvskg6ykmOZUZMcZASE891Srw/TvKdrbfHUHUv20rhPpc70uIUQR7O7Hop6Uj6C0e1obS8a3NuKfW3lbzyvhPuqPMtZ9qiaWK7C2Xs7i0we1tbr84htCT4hIETxjidxqpsSebdu3XWvNUokek0UUUU+0hooooooooooooooopH1/f3NMaLuc9r+Nix1rb9SsYB/KRSa9u27W3cuXfNQCo+AEmtjLSnXEtp3kgD00ma03lsmh5KmH3H5UpHw2YrfaKR7SSAD6s59VR/r3d/TevIrKm3n7fcIqiEtzG+z7ZJ70hQJHMMZAJBIBxmkWw2ePqjQGrLei+XWx6hmxFiHPt60C4JPKSSwV4BcKu8BSScjzk94Zu8eoZd82f0+nUjMJrWUeGpu6+TOBfLhYSyFqC3B2pSEqUkOL5FFQC1DCjR2I7dYqMH/pD1zPVlUdRHaIzZY6zNPWAdrzIjWIqa22C2vlnkGReYCc86bp82PN4b5nSneHSWxhZKCMjCvNI/ZUP8UnG5tXwpOW63691jb7Hcrq8ypmAltyVLS12iSX3GmkqW2yACedQAPhzVF/uhG5G9+w3BJbtebM2F28Ny23mtQT22/LJGlm2lKQqYzE5SXArlJK+oZwVFCh5yeFd917cNbX2ZervOmXm6XV0yZU+VJVIfmOK71rcUSVE+nPs6Va2CsIv7Vq9BhDiUqHOFAEeG+o9ePFhxTP0kkg+jSv026C3CsO6+ko2oNL3u1aisU3qxcLbKRJjuermSThXpScKHiBSuBk4HUmvzU7AcVuu+FjWPv7t9qO56bnrI8oQy4FxJwH3MhhQLbyf6ScjwIrs9wNcZWpeN/hkt+rr8xCscpc2Va5kS087bElxgpBd5lErSlYUD2YVgHIyRW27w5TPaBkVizcheka1YXcHcliCzIgQFpfkoSryl1LiUNREgEq53D5qcDJJ8BnpXLe/wC22jt/N/tY6y0JBtd+uGrJ0m4sXW4IKWD2TaW3DFCwQlta21KQ4RlfMFdEkVJPGrvTcOKLfu08L+3c4wI1xe5dd3iKcJt0JGFyIySOgCG+rp8Vqbb+/pI9zB0c1vLqPezVOnLYpdtlanZtOnIqSeztVvjReySE581CVMCNzq8SjxNM+M4A9f2qGEOlAzpKwJBUjUFMjnvHh6pDs5tAzhl05cLaDisiggkAhK9CFQeUQeOvoOpwU6S1Bo97W0fUGnpFjeVMiditchh9uYkNu5UhTSj0SSB52D53dVkNsv8ArEtX9J3/AJLlYNU7fM7dyG4yXA/KfCnJLw6BagQAEjwSBkDxPU1qWG8u6cvkaey2265GKiELJAVzJKT3epVdLbE4U3Y7NsWNuISlKgBM71KO8+NcgdJmLu3u2dzf3RlSlNkmI3NoG4dwpzb9f5etv+oX/wAaKdm7n/Vzcf8A8H/nN1HW4WsEa1lQ5CY7kVUdtSHEqUFDqpJyD8hqQd0pTU7bK4OsOtvNnscLQoKSftzfiKc1NqR1KVCDP8aZEOoc8oUgyCP+mnRwXa5b29l2y4PnliKkyI8k/etrcIKv90hJ9gNXQ05c2GNLx3y6hTK8qQpJ5g4CokcuO/PhiqDbKj/0Ha/2l7/mGvWwHFxqDZ2+JtzkxN0sEZcgt258F1bSio4SyR5ycnPm9U9e4VGMf2fcvnVvW/nJmRzE/fU42T2tZwu3btrsHIuII+iYG/uPdu5Gav8AR2XZk1E18CO2ylQbbPwsHvKj4dPCsMa3Rr+J6ZLDMyFIcGEPNhbawEgHooYIzUB6T90M0hqiV2epYF808pC+Usrj+UMJI+/KPPz6igYqZNAb8aM3NdSxYNR2m4PkdI6Hgh/GPi1YX/ZUHucIvrXtOtKSBxjT1jT21aFltDhd92Ld9KieEif3Tr7Ka2v+CbbnXyHVGwt2eW518otSvJVJP9Afaz8qTVO+KPhau/Ds+XHHvfSwzgtEW4JRyFK+UnsnU9yV4BII6KAOMEEDo5TR3327i7rbQ6gsUpsLTOhOBo46tupSVNrHrCwk074HtPd2r6UurKmyYIJmBzE7o5bjUe2p2HsL62W5bthDwBIKREnkQNDPPePZVNphxpV7PQeRq/5ZqxnBLoB/bXh00692TinL02bnLa71Avec2R7GwgEVTbbi+aj3O1hZNONzGkpvchqEsCMjzG19HD3Z6I5j8ldLbZbmbRbo8SOgNx4zaWmkDuSlIAA+QAU67YKXbtItVfSOY+jQfefVTB0dNtXb7l8iYQMonmqCfUAPXUP8Y28EHQ20S48tqYwb5IRCT9pySnqteMH71OP96nBsvuS1u9svY50RuS4p9tDTjim8DtGlhC89ehygn5RSZxM8Lf1yMqzl7UUi0R7Ol3kZbiJeDi3OXKySodwTgD1mljhw2IVw96LlWRN5evMd6YqW2pyOlks8yUhSRgnIJTn2k1HnDY/NSUJX+WzSRB3HTfEbgDvqYMpxT5+ccW3/AOnKAkKkTIgzEzvKhup23e0NX9dzgvjLMyElhYx9youg/trnBxAWx6ybiJhSAUvw4xYcB++S84k/2iulUy3uPPl1mQqOtSQlRCArmAJI7/aaoZx/6Jk6X38XJec7WPeYKJLCwgJ5SCUOp6d55gFf74p62FuIvFMniJ9X/Y+yo10p2s4am5A3EA+B/wC4j01n9z80q7dt941xdBRBYhym0g/9oUQjP+6MfKauvFSq2S5D7BU8wwvkcA+6T/eU/sOKpZwH6nulx37tlsVMQ3BRbpYS21HbRygJTjBAz41e6LEbhxktNpwhIxj00m226z5wBc/RHqk0t6Mi18zkNbgszPOE1BXug2lDrDY2IqIpPlTVzZeZOejuG3fNPqIPyHFUPQrmBylSFJJSpKhgpI6EH1g1eb3QSbN0bslBetsssc97ZQEKaS4lILbxOMj0iqPz5z11nuypCm1vvEFakNpbCiOmSB0zUw2G6wWGvmyfXpVddKPVHFtPPCU+Ea1qzWESWORY5klSfk84VZnacOxtwrA2rLjZlNgK8U9PGq1KTzD0EEEVLXDFri8aj4gNJQJkxtyK/OwtAjoSSA2tQ6gZ7wKeMetluW61J3BKvuqPbJ3jTN42he9S0R6xXQiZLTAgLeV1CE5A9J8B+Wk2bYIEnTC2rvGYmME9u+h5oOJK882eXrkg4/JSlNheXRko5igpIUDgHqPUaYu/G5SdkNu3tQ3FEy8Ro0hhsxmezaUorcCQckYwCckVR1s0466ltkdokAePCuoLt9li3W9cGEJBJnXQb9K937aPRmobU7Fd0lbVhzBSHLWkpCgcpJGPSBWbTGz+lYLBgq0zZGuwSFNIENGEtq7kjp9ycj1DFQn9lAtH8kLz+lsVry/dL7PJeQ6jSl8ZeQkpC0yo56HGQQfYKkn9HsciMiv3h+NQ3+l2y8z1iP3D7tVE13pORYNby2Wk9nGeUp6K4R5rTZUfMSPSk5HsxWGJDRCa5UZ69So96j6TSrqDVVx1Stsz323wwpSm8MIQpHN3jKR7PyUn1ctv1gbCXN4rm67LSnlKZ3GiiiittJ6cm1n+djf9H/vCrr8PSIkS43h5ptInvxIKX185JUhIf7PpnAxlfcOufVVJtsQo6pbweXzepxkgZHdVj+E+5G68Te6cMS5SFQbDplSUpdyEc6LgScHoe8dDVPbePZMRbSfpED7Clf8ATXUfRLZl/Z15wf7MFXrdbR/11MG4uxdl3W15pW+3xy5TEaQ8sdhWzyjlt7smS0GfKnWwMreaaLqGiVYR27igOblUmCOJLSLmy1/ZlxbpLctao6npUBqYEyJEALT2p7POVKbUUkLKeVXQHr0q0cJ9b6FodCQ8yrs18vwT0BCh6iCD6uo8KirfjYPScTTeutYRNL21rVuoYbTdwvLcTmmTGmUpQlpTpyQ0lAPmAhOcnHMSaiVxbM3LK7a4SFIWClQO4giCKmrTq2lpdbMKSZB5EVIWze1mjLRp223nT8NmW3Ojokx5z57Z5aFgKSoE9E9D3JAp+nAFUN2b90z294QOGW0WLWd57fVEaTLiWmysedLlx23SEuHPRDQUSjmP3uACRios3C91v13u1Kca07ftLaNhOZDbEZ9p2YpPgFOvA+d/RQioBiuOYRssz5LbWyoH0WWiQO8kAJHfKp461M8C2YxHaN3rXLltE6ZnnQCfBOqz6Exwmr86k2QmG+yV2hdlNsnvCU5EuMVT6Ir+CC40kdMkHqD09oxhQGxMeey2bnfL7LfQMJLMjyRlsehDTYCUj1Vye1DxObiy1PP3LcHWPKyCtxar0+htsDqT5qgkADr06UhcNfGvu/bbLOvjG4usnI11uj8y3NXGeqchuLkJbAQ/zgJPKVBOMed66o+z212SKbi+ew9zqwoApK5TmUSYSiQmRClAHzdQIGlW7d9EOPIeYsmb5suLSpUhJEJSEiSoAmCSlMxrIma7Aq2AtjzZbeu+p5DJ6Fpy6OFCh6CKc+ltGWvRUDya1wmIbROVcg85Z9KlHqT7TVAtm/djL/pR9pncSxx73agQHbpaUCPLjjxWtlR7NwenlKCPQavFstvvpDiI0U1qHReoLZqK0uLLSnobwWWHAAVNOJ+E24MjKFAKGR061b+w19sliRN3gTaA6BrKYcSOWsmOeUkVVG2ey+0WBqDGMA5FHRQMoUfRx7lAHup3UUUVZVQKiiiiiiiiiiiiiiiiiiitPUNka1JYpkB/PYzGVMrI7wFDGR6xW5RWp9lDzamnRKVAgjmDoRWSFqQoKSYIqnO5Qk7d3pdv1Ey9GW2SGnVMksSk/ftrAwc+jvHcQKacOLc94b5Hs+noLsnKgfNHmJ8OdxQ6IQPX/acCr2T7dHukYsyWGZDKu9DqAtJ+Q9K8220RbOx2USNHitZzyMtpQnPsArnpXyfrY4gXk3Z6qZgplccs0x6Sn0VPht451GQtDPznTxiPZPppI2w0I1troC1WNlZdFuYCFOd3aLJKlq9WVFRx66pZxz/4PxsVxXz7jqW1NydqNWSeaRKudgQ2mBJX3qdkQl/aVHoSVtlpZJJUo1bbf/iFsfDzpL3xuvbypUjmRCgRhzSJiwOuB9ygZHMs9E5HeSAaUbl8f2otzCuPdLBZTbCrKYC3HVNEeHOD0WfWRj1CrPxjbTBdnUow8qhSEgBIBOUAQkKIBjSO+NYrXs7sFjWPg3jDf5MnVRIEmdcoJE/dOkzXM7df3DfUukL9KjaW3o2U1fHYcU2hT9yk2h5QB7yFNOs/keIqYTuPdfcnfc27XpeXetGTd1NS3a5qtcex3xm7N25txwEz3FNjAS2gJ5QrGXFJGMJVVjdacU+j9G6SuF71NomxNWq1sF+S7HKW1JQPBI5eqicBIz1JArmpttGb90E4313bUsd2y6RckGZNhxAp4Wy2tk9jCQepKlnCCrxK3VY8KQbObYP4q27d3S2vJmtVKAcSZ4Dtwk98HlzFO+02xbOFuNWVu26Ll3zUktrBHE/k5V4Ap56mDVv+FfhSXwTe5BbocRuqpzrGttwLCs2hlzBlMsy19hC53FHPO+8+JKwBzEdnk5SRVjfcCNuzpH3KZm4ts5+qjU11nBxKPOcbacTERkjvA8nVj2mm9E2k0Pdo4SddIhRsAJiqiEJSB3AjA7vRWjr3bXR1m012MXcEtMtpPK1HYW2hOevQA47/AFUgY6S7jPPkrep3i6Zpwc6MbYJ//LdEcDaPU9d921N6ob5kqTlK+8Y8RTGpj7M263W5++pt96evSVPNc6nCr7UeVWAM+nv+SnxXX+weIG9wG3ulJCSoK0CgsCFqHnJ0O7h4cK4L6V7BNltZeWqVFQSUalJQTLaD5qtRv4+PGjvrwuSLfGdHaqZZdwFoCiErwQQMePUA18lSkw2StWT4ADvUfACsUWEpxwPSMKd+5T3paHoHr9dS4pB31XoUR5pq1nueMfT+utK3W3T7FDmXS0SzJR5Qs9o9Hd6hQQTy+asKSenin01ajQ+g7Xou2Ibg2q3W5fXm8mjIazkk9eUCuau1m6ty2Y1zC1BaXmkSohKVtuq+1yWlfDaWPvVDHrBAI6ir/bFcVekN+oDSbZco8a8cgL9qkOpTJaPjyjP2xP8AOTkd2cHpVUbY4RdNvqum5U0rU7zlPGe47xw4VfnRxtDYvWqbF4JS+jQaAFQ4QeJA0I36TziJeKf3Px3c3WszVGk5zESfcj2s6DJdW0067gAuNrSDyqUAMpIwT1yMmor0d7nfuarU8Jb0q2WZmM+h3ytc3t3GeVQPM2EAK5xjp1HXvIq++aMimu12wxFhgW4IIAgEiSB8c5p8vujrB7q6N2pKkkmSEmATxO6RPcRXxIwAM59fppv7tayj7e7Z329Slpbat0J17r90rlIQketSikD1mtnWuv7LtzZV3G+3SFaoaM/bJDgRzEeCR3qPqAJNUg4seLWXxBXqPp+xx3omlGXO07R3zHJzqe5x0fcNJ70pPXPnKwcAJcBwN6/fSYhsGVK4QN48fjdS/avai2wq1UMwLyhCUjfJ3EjgBvn0DWlH3Nzb5WoN4Zd7eQSzpuBhKsdBIfyhP5EJd/KKvNUGcBO3TOlNkGLgkKKr9JXN7QgpU8gfa2z/AEcJJSPQrPjUlb26/TtftLqG/k4XbYTjjPT4TpHK2PlWUj5aUbS3Kr/FlIb1ghA+7/VNI9i7JGFYAhx7SQXFekT7EgVqSuIvQUKU6y7rLTLbrK1NrQq4tAoUkkEEZ7wQRWxYt99F6mu8e327Ven5s6UrkZYYntrcdVgnCUg5JwD+SuYY5vu1Faz1Uo96j4n5TSlo7VT2hdXWq9x/46zy2pqR6ezWFEfKAR8tStzo/YyHI6c0abt9QJrpbui4nrGEhMidTMcfTFdVqrl7pLt/7/bTW7UDSCp7T00JdIHcw/hCs+xwNH8tWFtdzZvFtjy46+0jym0vNLHctKgCD+QikjdLRDO5W3N7sLwHJdoTsYFXchSknlV8isH5KgGEXhs71t86ZTr4bj7Jq28fw8Yjhj1qNc6dPHen2gVR/wBz/wD/ALTNu/8Ad0z/AIUVf+qB8A8V6FxQQmJCFNyGIM5p1BGChaQlKh8hBFX2ktKKg42SHE+B7lD0f/3Ui271xFMfoD7zUO6K9MHVP6w/cmo84ptipPEJt3FskW4sWtyPcG5pddZLqSEocTy4BHU8/fnwqAfsYN5/lfa/1c5+8q4bEgSG+YAgjoQR1SfRWTPtpnw/aO/smuot1wmZ3A/eKkeLbHYViVx5TeNlS4AnMoaDuBAqnH2MG8/yvtf6uc/eVHHD9pheiOMuyWVx5Ely0Xt+Ep1KSlLpbQ6kqAPUA47q6HZqhOgRj3QtXQ/52T/2v1LcEx28v2LpF0qQG1EaAcDyFV7tNsthuFXVi5YoylTqQe0TxHMmr7J7hUe8T20M7fHaSVp+3SokKU/IjvB2SFFsBt1KyPN65IFSCD0Hf+SvufbVeW1wth1LzfnJII8RVwXlo1dW67Z4SlYIPgRBqlH2MvV38otNfm3/AJqPsZerv5Raa/Nv/NV18+2jPtqTf01xX9IfuioT/VngP6Cv3lfjXObiA4V7zw72y2Srpc7XPRdH1sNpiJcBQUp5iTzDuxUYVcT3T7/NLSH+3v8A/JqndWXs5fPXlgi4fMqM924kVSm2WFW+HYq5aWohCcsSZ3pBOp7zRRRRT5UWpc27eRH1OytZKU93N9ynqO8+A9Z6VdLh40xZrNKul8ZZYZu9zix2p8grwXGmgQ1zZOAACce0+nrzg3pvUzT1otMuBKkQpTVxSUOsrKFD7Wv8o9R6Grze52boMbtbdSVzYUNu+2dTbMp1tkJTISoEtugdyT0UCB0BGRjOKoDbXaeyO1BwN0Q6EpUgnUHskkDkoCfETrwrqzovwy6TskL9pXYKlJUBppmETzEgemNONWAsUJuMmS62hbaJbxdSlROcYxk56jJyceAIqvnFnsjoXU2qZ+rZ9tmv3+3MtK8qTfLgy0HmwEtf4u2+lg8oxkFshXXmz1qdNa6vFgjFljK5rvRJxkNes+v0CqN8TOv7tpi5aptkrXAu9ivL4mR2ZNvZZc04lKSJKPKWyO3jpGFI7RHaJWop515ACdI1qTk1FLzLMxiHKU00Xn0vvhZQOYIdfWtIz34x1x66QtaO6etNqU/fG7aIp83/ABllK+c/epSQSo+oDNJszWV93Akk6dtws1pwltmfcmz2haSAlPZsdCegBysgde6mzuC7Y9lbQ7fLxNfuN2SjrPmHtXWsnASygealSj0SlAz66432pebuMdfvnXDmWvsNt6uHXKkEjRBIA0OZYO9FdibMIcZwJixYaTlQiVuu6NJ0zLIB7SwCTqMqFDc5UN7g7W/Vtfr/AHGGpWhNKFACmZLqy3clI5ftjzBWENNZTjAwpQ76xWTfS/ajRarRFiWaxuTytiNeZCHRb5YQcDyVtSUkqI7kqUB06Zpy2fRFw3SnM3jV7JZgIUHbfYFHLbP3rkn4x3x5T5qfWc1g1/Mc3ilTNI2diKu3xVpbutzfaDjUNQ69kwnuU+PT3I9vSm1eMs3r3kuIJS6G5UpUyhgRlkqMl9U5ZCiUqIDbYIKSFbeBP2DHleGrUyXYSlEZXLgzmACBAt0RmgpAWkKLjpBCgcGpdB6UsQTI15qV28SFjmCLrODLB/oRkEJx8hp5cIvGFaOEbdhNz24vGnIyZSkJnWptaY7F4ZB6NupwMqGTyr6qQT0yCQWPtppeBtpuBIsd4hRpVxuJVJtd7fR2j9xQOqmlrVkh1A8BgFPXFOnc3Sdr1Kwy1cbdBnMrSpJS+wlfo7jjI7/A02vY35BdtoNw+oQFIWhSUNxwKGQCmAQQRmTqClQSQQHmzwI4haOuJtrdBkocbWla3J4pceKgqSCCFZFiCFJKgQT3O2C3zsfEZtXa9WafdUuFcUeey5gPQ3k9HGXAO5aFdD4EYIyCCXlXID3GDeO6cN/E0jQgucqZt9uElTDUKW6XFWS5toKmHG1nJLTqErZUnvCux64Brr+DkV1xshtCzjOGIu21hR3KgR2hzT9EnfEkCdCoQTyFtls49guKOWbrZQnemTMpPJQjMAZEwCY1SkykFFFFSeorRRRRRRRRRRRRRRRRRRRRRXxXwTRRXNL3VbWbWouKxNsdkSI6dPWaNGQtscwbddUt5ZUAc9Uqb6p69B0NV0eul6s7IdRcZTkYnCXm5CnGj6snuPqUAfVT2419TnV/FnuBMKuYIvDkNJzkcrCUsD/l1GkK5P2x0uMOqaUoYVjqFj0KB6KHqINfPfbTFDd4/eXE6FxcEcgYHsAr6NbF4SLTZ6yt4GjSJBGklIKvDUnn4VEvGbqmdrXTdv05OKpMGU6XlqW2pKA+Eq8nCi0AtzKgoBvPVSkk9E5Dg4R9L27Zzbku2u1tNu39SJklUta3XuiAlKOYEYSPOIT1wVnqe+qt8WOp5evuKW4xIDy4SkOxbOyIzi2kpVhIUQAennuKPT0dKvHG0C/pmFGgI8jbZisNtsgy2hlsJASRlQOCAD1q1dtbh7B9iMLwhgnO/wDlVnidAoA+lYH+AcqqbYhljGducUxd8DKx+SbHAQSklP7hP+M86Wkbjn7u3Rj/AEHnE/tJpG17uBHetCgbc4k4PVMrP7UV6GnJR7hGPslsn/vUia80xPFoURGWsY+4Ulf7CapS0vLzrU6n1f8AarwurWy6pWo/eP40tcJl3buzWqFNtONckmPkLWFZyhz0AVL9QrwcQnoTGq0vNOtEyY2AtBTnzHPTUzyXvJ4zjn3iSqvq90IKUvYfD1L3kL/5q6+MfyiUpT0i4mEbpb/5DVaLnbXC5FTXIG2MpC1DICvEgeJrP71Jc/jnn3j6CrlT+QVktzHk8FpPjy5PtPU1mq1SeVUqBWui1Rm+5hv2kZ/bQ89GtykKIQhxJy2EJ88H0jHUH114VLcnLKIxCUA4U8RkD1J9JrLFgNxCSkFS1fCWrqpXy1740eFO2w8RW41jYS1btW3+DHQMJS9MU/yj1JXzAVt3XiW3LuUJxDmv9ScxHQtvNxxn2toSf7aYsmaUO9iykOPd5GfNQPSTWS36dXd5SULJkuHJPMeVtsDqSfAAeJNI1WNpOdTSZ55R+FOKMVv46tDy45BSo9U0OTTry6IkT5cm43B0EremynHnEAfCJWskhI6nOcYrJLat7kJcO3LzHV/HPNrIMkj1eCB4Dx7z4AZ2pcK23T3vaS772vFLkl1kAOyQCAoI5ugSB1SD3nBPgBI6dgNB6jhtTIV81k2l5IW263Hhg4Py/wBhqHbZ9Imz+yjbT2PvFltwkIOVagSBMEpSQDGoBiQCRMGJHsxsXi+0C3GsIQHXECVdpIIB00zESOBI7hx1Y1h3Z1VbraiE1qfUMduAAwhpq5PIQhIHmhKQrAGPAV7vG4+odQ29cS4agvk+I4QVsSbg662og5BKVKIOD1p4u8MWlFSC6nUut0qUkJViHCwrHj8KsL/C1pl0ebqrXCT/ALFC+lVef2kujIKzDEEz/wDG5/LqbDoS27KchtzHLrE+9Ud849I/LRzJPiKfp4UtO46au1uP/wAjC+nXk8KNhH/rhrX9Xwvp1t/tNdG31kP8t3+XWj+obbP9l+2j3qQom6+qLfEajx9UahYYYQG2mm7m+hDaQMBKQFYAA6ACsg3j1cDkat1MCP8A72kfTpXPCjZP5Y6zz/7uh/vK8HhQs+f88dYfq6H+8pOflJdGB34gn/Kd/l0qHQnt4BAYV/mI9+mvb9V3K0XldxiXOfFuLnOVymZK231c/wAPKwQo83j16+NKn8MWrf5W6m/Wz/06UVcJ9qJ6ay1aPbbYh/8AqV4VwnW0nprPVQ9tsifvayV8pXowVqrEUn/6nv5dYI6ENukCEW5Hg4j3617fvbquDIUpep9RvtuDlcQbq+Coeo83RQ8D/dWW5boasioQ8zq/U70R7PZue+r4OR3pUOfooeI+XuNfTwmwPDWmp/ltcX97WzbOGSJa+1SdX6ikxnxh5hdtjAL9BBDvmqHgfy5BIrSr5SPReDmTiCf8p7+VSlHQvt4U5FsK7j1iNPt7qShvHq0H/O3U362f+nSQxqKdFvfvm1cJjdyDpe8rRIUl/tDnK+cHm5jk9c56mnNJ4R4iGkuNa11Etlz4KjbI3mn70/bO8f8AjpWA8KDPhrO/fLbI/wC9pQr5SfRkySg4gkf/AFPfytRSU9CG3TgCjbkxu/KN6fbrX/hi1b/K3U362f8Ap0fwxat/lbqb9bSPp1l+tQb/AJaXz9Vsfva8nhQB/wDXS8/qtn97Wn+0p0W/WCf8l7+VW3+pPb79nV/mt/zK8fwxat/lbqb9bSPp0fwxat/lbqb9bSPp19PCcc9NZ3XHrtjX72vJ4T3M9NZXP5bY1+9o/tK9Fn1gn/Jf/lV7/Ult/wDs5/zW/wCZWjf9cXnVbLTd1vV1ujbCiptMyY4+lskYJSFqOCR6KTOcekflpfVwnv8A3Osp/wAtsb/eV5VwoywPN1jM+W2o/eVtT8p3owSMqcTAH/wv/wAqk7nQRtytWZdpJ73GvfpC5x6R+WjnHpH5aWlcKM/HTWMn5bcn95QjhQnlfn6xkcvqtyc/8yvT8qHoyAn5z/4Nx/KrAdAm237H/wARr36iviAUDpe29R/lFP8Ay11PPB1vVE4b9tZU+5L8lXqop8lUVJSotsgjmTn0lZ6gHoM1o23hS064qKu9uz9QmI8H0NSlhuOVgEAltAHMOp6KJHqqyHD05oqBOnnVbFhPZIaEDy+OhwNgc3MEZBCR8Hux3CuYsc6WsA2j6UbS9wpwm3ykFaxkGjLg0zQdTG8DwM10vshsjiWz2wrlhiSQlzNMAg6FaSNRp6iarPvHxSQ4mpXdbQlXW2eXwEaZckLkvIgTyX1SGkEFP2ySD2vKWkhZQtwElPVLCuQF9WXZh8sddUlxbjiMBXL1QlKOoShJ6gdTnqevdaX3U9uybq7IaSY0sqJeJFi1CJaIltAWqOkw5LRc7NPcB2nLnHTnqsHvVMjR2y9Cms+YCQuOtOOnsrX0q9Ilw7cnBsNcAZygqUkyVzPZkfRAiQN8kHTfcXRDsjhSrUYzeqSt0qIQgkdkJjtFP6RMxO4AEa7teTIbhx3HXVpbbbSVrWo4CQBkkn0VXx62yN2N05GqbqhQtFud5NPw19xASAZix98rryA/BHXvOalLcguav1BB0m12iGZafK7ooAgpjJV0b9riunsBpE1HMjG/SQ04whsOFttIUkDCQBgD1Y7qpfEXVYbhyVt/nngYPFDeoMclL1E8ETwXpeuGNJxbFFIc/MMESOC3dCAeaW9DG4uRxb1ZO7up5lqtES1WlfJfNRP+Qw19/k4xl18+ptAJ9pTS1o/SULQ2m4trt7ZRGio5QT1W4o9VLUfFSjkk+k017K4jVW/V4lqW2tnS8Fq3MDmBCX3/ALa6fbyBtPy0+wc9xB+Wo7i6jaWjOGo0kJcX3qWJR6EtlMDgpS+dSTBUeWXr+KuawpTTf91KDlX4FTgVJ4pSjlTe3P0N9XulXIzLnk1yjLEq3SR0VGko6oUD6M9D6QTSJY9cfV/o62TnGvJ5g7Rmax4x5DZCHEfIoHHqIp+8p9BqIC4nTe/l8tyPNh6hipujAHcJDR7N/HtHKo0qwY+WWLtmvVTMuI8NA4nwIhfdkMecaTY2nyLEmb5vRL0NOeOpaV4hUt9/WJnzRT10pqqToXVNsvkJZbmWWYzcGFg4KVsuJcB/Kmu+lmujV7tMaYwSpiW0h5snxSpIUP7DX5+JnWE/621f8JrvdtBFcgbU6ZYeBDrNpiNrz38wZQD/AG1fnQG8vNeNfR7B9PaHt/hVBfKGYR1di99KXB6OwfZ/GnFRRRXR1cyUVo6m1HE0hp6ddJ7nZQ7ewuQ8v0JSCTj0np0Hia3qhPj/ANUOac4dJrTS+VV1lsQzjvIyXD/Y3WSEyoCg1B073UPUd11NPiWq06fZRHWpbTclp51ZbHeOdLiQpSR1OAB0OM99a119051la21E2zSji2QA6hEd8qSSehI7boPD249NVU07aZkK8RLtygspl83KcguI5+VePAjBNZExlMahmxFqUsq7eOVHvURzFJ/KlJpwDKOVYSas2z7q3rCNKivvab05JhLXl1trtmnSAfOQlRWoBWCMEgjqOlXb0Dre37k6Ltd/tTpet13jIlMKIwrlUM4I8FDuI8CDXH+Oe2tEgeLa23R6s5Sf2p/sroN7lvq5y/8ADa7bnXCs2G7yIraT9y2sIfSPZl1X5K03DSQmU16DVkaYvEnxEaX4U9ktQa+1jPTAsOnYxkPEYLshfc2w0n7t1xZShCfFSgKYnGx7o3tPwCaR98Nf6kZYukhsuW+wwimRd7p3/wAUwCCE5BBcWUtp8VCuD/Gt7oruZ7rVxD6dtJt0uFpmPc0rsGj7YpUnsQklTkp9SQO3fSyFlThAQ0gL5QkcylIVqCEFxW4CfVW5psuLDad5MeurHak1E9rDUdxu8lssyLtKenOtlXMW1uuKcKc+OCrGfVWmkZWB6SKMhwlQIKVHIOfCtW9TPeyzTJJOBHYccz6OVBP91fM9SlvuydVKPtJr6ggIYZgaBI9gFUg2nB3H4vIMlWFiZf5E8+I5UKddH/Cmuh+oH7NcJjL8py6NPOxWVFDTTako+1jAyVZ7v21z64GIvvjv5BfOCqNbZUg+OCUJT/36vdqgBN+kIGMMlLQ9iUJT/dV7dPLwaxhiyRGVplAA/wAS/wCAFUJ0B25ewh+9WSFuvLM92Vv+JNKtg0xbNW3li3WxnUM+dKVyssMx2lrcOMnA5vQCc03NxNOWlixF1Tt4itlxbAcft/2suI+EjmBwVDxHeKlnhT1VB26vUq8yY5lzpsuHYreylYSoKkOZdcyc9EoSn28wHjXvjGsAsO2N3QNUNP2aTe3ZdqtSWmw55SZDqZZJA5whvw64JUc+AqkrS4/LJBSPbVk4jjLrV+bHUJOUBXMnzohJ3SnfA0WZ00ijg/isRY+qQxLTKQZMbubUgp8xzvB/u9FS5ef8lv8A9H++oa4Lv+jas/2mL/wO1NM1nyiG62O9aCB7cV9Z+g0g7DYed2i/+auvkH8owEdI2KCZ1b/5DVZR3D2VpuKN1dU2glMZBwtQ73D6B6q8GWqfGYZaVhbyAXFD7hPcfl8K3WmksNJQgBKUjAFWxuqk99fUIS0gJSAlKRgAdwrDPlKZSlDQBedOED0ekn1Cs5IAyTgDvrFp+3u3qYp1Ccqd6Iz0DbY8SfAeJrGQBJr0Ak5RWay2ZTq0sMDnWrKlrUce1Sj4Ct2dObZjKiRCSwcdq9jBkkfsQPAePefAAnzmmIxhwzlk/wAc7jBkEfsQPAePea0a1AFZzK3UoJDYyp38T/AfxPwdWf5kyIv/ANoUH2EU+NotWmxzzbpC/wDFZSstE/6Nw+HsV+320xrr/wBm/wBen++t6NGcmSENNIUt11QShKe8k91Q/pF2LwvarZ64wbF4DS0k59JbUnVLgJgAoOp1AKZSeyTT/sZtNfYBjDOJ4dqtJAy69sHQoMb827dIMEagVPoORXxWSk46k9B7a1bFHkRbRHbluh+QhsBxYGOY+JracICFZGRju9NfD29YQxcOMoWHEpUQFJnKoAxmTIBg7xIBg6gHSvqdaPKeZQ6tBQVAEpMSkkTBgkSNxgkcjU3X7aTTy7C0u2WpsmG7B8rMh9+PNaStxIc7VpYwrmB7hy4647hWbUO3mhmNawLQ3Gtrc9V2QwIsWa86txgtkqDyT/FnxGD9716kVo33RV6Vp161uawu8m82a2N3pUJaf8WCUnKUBeeYqSU9CrIyB09Hu6bOGFr61SF33Uhulzktlu4qhthvnU2pRwvPwglB6YrqG4sZUPJsGb1UyFZhbgAZ3ApKYUSHJhMKUdQM8JKU1W7b5A/KXityyILmuiSCZGqd50G46SZNfDt7pqbq64Nt2eGuPZIEub5PEkSf8dWhQSltZWARjv8AMJ6qHh3pU3Q1nuOh9S3RjTs61Sm7XCkw2JK1ENOuKcSpTXnEqQrCQOcZyD0FOFGi7petYOtL1NrTy6xxVSmi7FbQ8oKWUfahnCkq5D39+BXiw7d3DULt3ljUeri+5dGbdJSYzSniUIQtK3BzYCEKWfgnAHXHWtL2AeUKKEYYntl4CEWw1LSkAiFEgtK+gFQSOs8/Ss0X3VgFVydMh1Lh+kDG7UKHEidcu6jVmwtrsMjSITblJb98mbddFF1RE4LbSe0+F5o5wU9MHr7KincSxJ07rm8RWYzsaGzOeajJUlQTyJWQAkq7wBjrk1u6lvl40Pq69QI19kyOWf2r0htQAkupIIcI64UD34PQj1Ul6i1nd9X9j76XKXcPJ+bsu2XzdnzYzjp44H5KqnbXGcBukvW1pZm2eSsaANkDIOrKc6SNIAVoCCuSZnOZRg1nfNFDjrocQU75UDr2gYM66xqRpG7dSZXxauRBPoGa+15f/iF/0TVYEwJqSjfT517spddqdOs3WbJt0uJNdQypllS+ZWUqUD1SACAk4Pr9Gax3PZK4W+Pp19MyCtrUz7bEb4YUyXEhQ7QY6dD1xmpT4tVBOz1rUSAkTWsk9w+0uV81kpcSzbTFCEla5cNC0q6c32lOPYQfGum8Z6N8DZxO9sEpUEMN26kSokguuBKpPEEEwOB1FVvabQ3q7Zl8kStTgOg1ypken76aauDvUgBxcbGT4ec79CmVctrblYNdMWC6OQ7ZIkkdnIeWTHWDkJIUBkgqHL3ZyeuKsFuarTLGrrHd73fpdokW7mWzHQ6W0P4UkkLABJGcDGeoNRVu1uAxu9u3YWrClLqYjqGI7rwU2mQ4pxK+vTmCPNAzjPU9K1dIXR/sphCFN2vZuEutpS313WKdSrKVZkAZ29CY11gfpCssAx3FLshTurZQolWTKEkTEHcrd8QaSv4ALgLnJjqvFiQiPJbgdup1wNrlL7mB5uecDBPTHnDv64SNO7V3G/Xe7RHXYdsTYzyzn5SyGmVc5QE5SDkkg48MVJEFd+j6wukaRH0pPZemN37LlwdTHtskr7JrKwgElSkjCSnB78jNMq17hPaS1BqqHqWC7MF5fxcW2HQ0tt5twqyk9Ry5yMejHX0xLFtnNm7R1hbza2myt1KirPl7IX1YUYJAKggSiVZeszQpOjpa4hiLqFpQpKlAJIjLOuXMQJ3xO/ScsaHVKY2surmv5GnFiOxMh8y5Dy1nsGWkp5i6VY+Bgjw+6ApurCUrUErDiQSErAICx4EZ69e+pu1DFkaravJkPR7HcL7ETdb28tJeNrtyAEsx8JwStYTzKHTuI9FRjqPbO5WDX6dOJDc2a+tsR1N+ah8LGUq6/B6Zznuwaj+1uxfkCUrw5pS21OKAUd/bJ6pvJ52bKmVEpH5Qqb0U2RS/CsY68kXCgFBIMcNAMyp3RJ0E+bCtyhTeop7HYO9G6x4zcqyvNyEvkSm5ZVHQpk4cQpXLkKT7MdD16ViGy033rfne/elRCYdLAke+J7N1wNhwpQrkwTg93pBpgVsTjiZzWyhHPTcAqdeEEGd0Ea6il4xmyMQ4Pgx94PqpnVjVcve6Sk8pVzg9yseivaTzJB7sjNaN1UA+11Hcr+6kGzrikX7ak79f9Jps2w/9oe/w/wCpNbx1OD3tOf168O6j7ROAznP3ysikvBr6lBUoAd5OBVmG9eIgn7qo0iqoe6S75LjyLbtta9Sy7BOvEduXdFQ7ZIfffZeWUR4wdbGEhwpUpQSSojkBwFdZS4UOCPSnC1pJEG5Wu133Vajm6XR2Ol/LwPVtnnGUNIPQYAKiCpWScCNzrJGpuLWE6Jbi4k3UrUaKcjrydEJSfAfaiRj1mrSlZcJUSSVdSfTVs7cgYFhFhgtqnIpxsOu81KVpCucEK00AgaaCNbSpVmHDdWWLttpSUHnWtO2AKkL53im3MpU4rGMqwnJOOmT4Vr/wM6VvUlZOnrKmMzlK1CM2ntFAZIBIwkADKlHokekkA7VvnKgqcKQVFaCkAenwpxLDdnsj6lqIahuiKCkAla08qlkA9CS6od/TzEZyBiqrUtDyRKRPHTlup0Zxa+aENPLT4KI+40ybvw9aCui0NK03Bikp80x3Uw1KB+6AWvnV6irlz4AVXXiy9zzXZ5dh1loV6W+nTTryrrapZKnzFcb5HFsq7yUHkUptWTggpUoEZs3P3DVa9TM2qLFthcUA5ML7IfAJTz8nnHK1cpHMtRJyogAYp2Q57cqx+Vx2UtpjqP8Ai/MVpRypKi2CepQpHOADkgOAdeUVnbL8mcLjQAJSobuCklJ9YJ8KerHbXGrdxBVcrWhKkqyqWpSTkUlY0JMapGo1rnhsBtg/vXvXpTSsdKlm/XNiO6UjPIxzczy/YlpKz8ld3G0BDYCQEpAwABgAeFU19zy4KIu3O9+s9wn0sqhiQ5A040CCWW3Alb7pH3JyQ2nx5QvwUKuZXTvQxs8uwwhV48IU+QR/ujRPrknwIqRdLu2Vvjt8wmzMttoB/wASwFKHoASk/wB4Giiiirhqo6Kr5xDahkaQtS3dc2axXSxKuChEdmOuPNlRCijDafgkJB8PT1qwdQzx5aOd1fw8T+xTzOW2SzMHp6EoP9i63MrhUc68NU939v8AprU7trOmrRarU2kcjiLe0ttp0nqk4UBk4OOnqFRLdUhO5swDuTcHQfYFKz/ZTr0Jb/fDVMTteYMQ1+UPc3+jSjzj7O6mMxcg/c7hc3lJbSlt+UoqOACvKU//ADOAU41hWvbv8ny/9S3/AMxFPnYv3S/bjgean2TWmqk2KdenxPix1xpbqHm0N8ilkstqAwQB5xB6d2KjNepWYVmkuIQp1tb7cZtQOO0KUlavkHmflFVR4/dLa12a3Q203Vk6eZXp6XDROslxulrROs70lqW/zMvJcBaUrKUq7NzBUkpUnOMjW4uBXorrxtXs9tXxt2R7ce1bD6B1SxqF3tlX2/aZXFk3gkZ7ZK5iEuvN+heCg/ckipF274PrLtDdpk/Smxu2Wmp1wiLgSZNsiR4zr8deOdlSk4PIrAynODjrXMHT/wDhSu88O0sNTdvNr7lIbQEqkMuzoqXcDv7MOLA+RWK3f/Knd3fxXbb/AKxn0lUsqEFIitgJBkHWunKeFeEkAfwM7e4HTo2z89JmsOHezaesMyRP2P0bLhNR3HH24tuTLWpsJJUA2glSyRkcqQSrOACTiubH/lT27v4rtt/1jPrNp7/CGd9OJzXNm0va7DpHRLLri35861uPSJHYIRkgF8FKeuB0GSVDqBkGMYwxhmHWLt+u1bIaSVGEImE6mJIG7v8ACTpUowa7xbEr5rD0XSwXVBIla4lRgTEnf3eMCTVwtm9IbL6j1I79SHDZaoFxbiFSnjtncrV9pKkgp7R+O2k5PL5oOemcdDUsN7M2m5LLp2LsKlLOVKctHIo+3mIqpB47d1rcyyJOvdSOvutJdUloREJbCuqR1ZUSeXBPd3ivn1/u5/8ALjVX9eF//Hqmrzpw2buHesftCT/ebQo+vPV12fQdtNbtdWxeJA/uuOJHqCPbxq3DuytngKC/4C7ElSDzAt2nmKSPEcqic+yo73t0hpW02J1yTsjDjqIUVO/UrMVk9585KDnr1qEIHHfujcJBaTrvVDWELcUtRhqCAlJUSR5OM93dkd9V64gvdt94di91LTbkXY6wixmUy7nb560stvBZISyVNNgpJSCebvGU4p02b2/wjHcQRY4XYpzmTJZbgARJP5ROgn0nQa02bR7AYzgNgvEMUvzlECA87KiZgD8krfB7hvOlTHpObYZdzuybHp+Np4NuoEhpm3vQ+1JCuUlLiUk4Ge7uzS33VGXDVx6yOPGHfbnL0i7pKRpx9iMts3Izm5PbIWvmQS2hSQns8EEHvFSbXb2x7XV4Owjs6BXmpyp85W5Mqj1nXWvnJ0mPh7aa6dGbUo85WZX5tG9UCfUNNK0oLSYM95rAHa/bEH0jxHyGt2sM2J5U2MK5HEHmQr70/NWWypcvMnydKAmSkZWknASB3qz9745qTKOkmoKkEnKK8PQ3rotuIwPtklXKTnAQgdVKJ8ABSjMmMxYnkUI/4uAA47jBkEfsQPAeNa8q4NGU9FhnMdlIQ69jBkLPU+xA8B495rFWqCrU7q3khsFKd/E/wH8T8EooorZWitWeeeZER/PLh9gFSltRon3vYFzlJw+8n7Skjq2g+PtP7Paai2Ksv3N18dEsDs0nwz3k/spURr+9XGQOzuctMds9VggdqfQOndVP9Nexm0+1eBfMOz1y3bod0eUsrClI/QTlSrRR88kgkDLqlSqsbox2mwPAMV+dsYYW8pv82lOWAr9I5lDVP0dDqc28Cp2yPSK+KwpJBxgjBqFfq4vH4Rlf1h81H1cXj8Iyv6w+auMv7EW1H7fb/wDF/l10x/akwL9je+x79Wdn763i4adehLZtqZUiELc9cUtES3Y4z5hVnHieuPH09a15e8FymbhQtRqZiCVBShLbAK+wPKhSASM5zhR7qrV9XF4/CMr+sPmo+ri8fhGV/WHzVJXvkqdIbpQXcZZOUoUJLuikElJ/NbwVEydSTJmm1HyjdlkTlw90SCD5m5UAjz92g04cKsjpTdSZpa53eT5JAuAvaC3IZmc62+UrUspA5s4yojBpQhb73G0Npbt9utFtZRcUXINRkLQjnS2GyjHN8FQHXxyTVXvq4vH4Rlf1h81H1cXj8Iyv6w+ai1+Sn0hWzaWmMXYSEkkR1kjMSTB6qdSSd++h35R2y7iipdg6SYnzOGg0zxuqdb5dffy9TJpZYjGY8p5TTOQ22VHJCQe4ZyflrVyPSKhT6uLx+EZX9YfNR9XF4/CMr+sPmqPPfIo2rdcU65iFuSokn87vOp/2dOCPlRYClISmzegf7nv1NeR6RXxWFJIOMEYNQr9XF4/CMr+sPmo+ri8fhGV/WHzVr/sRbU/t9v8A8X+XWX9qTAv2N77Hv1cPSfFbKtOnWLdd7NGvKY6Etpd7bs1LCfg86SlQJ6DqMeykLWW/1w1rrSzXSREYZjWOQmRHhtuHCiFAnmWR1JwBnGAPCqs/VxePwjK/rD5qPq4vH4Rlf1h81Tu8+Tf0n3VmiwuMbYU2jLAhUnIQU5ldTmVlIkBRInUzTGz8oHZBp4vt4c6FGeKeOhgdZAkcgKs9uzvMvdG6QpKraiEiK0tpxoSO1DwUoHOeVOCMdPbTesdz+pe/QLowgSm4zwdQFLU3kj7klJylQ9I/tqAvq4vH4Rlf1h81Z7duLd4LquebJeYc6ONlQHMPSDjooeBpkxL5JO2+IXqsTv8AE7db8hQXCwZTEaBoJjQaRv14mV1r8pHZthoWzNk8lGoiU7j35yeNWrf4hvK5oQ/ZjItQjtsmO9cXHJC1Nu9shanynmOFeBHd4002taIlbhKv9ygtT+0lqmORQ52ba1ZylOSFeaDjpjrj11Aly1Nd4qUPM3SU9Eez2bmQDnxSoY6KHiP7q1Pq4vH4Rlf1h81br/5K/SBiBbXdYrbLyKCkylUAjdp1MFIkwggpEqhPaM4NfKK2YtsyW7B4SIOqdx7+s3nTUamBroKsrp/diTA1Nep9zjN3dnUTK49wjqdUz2iFdwSoZKeUdB07vy18u+7U657nM6oQzHYkRVtliPkqbQhCeUIJ7zkE5PTv8KrX9XF4/CMr+sPmo+ri8fhGV/WHzVr/ALJ/SB1Cbc4sxlS51o/OTnBKgrN1WYwpSlAEkBSiqJJNe/2kNmM5c8gdkpy/QjLAERnjcAN0wAN1WwZ4hDbJrBttlbt8RgS3Aymapay/I6qd5ynoEknCcePf3Uiq3ju6tDyLQZUnyibMXKlze38+UhTQbLSk47sAdc+HdVafq4vH4Rlf1h81fF61u6x1uUv5F4/YKWv/ACXekZ+Uu4ywEkEQkLSACEpMJS0kDsoSBEQJAjMqdKPlE7Ko1Th7pOh1KTqCTqSsneSePsFTDeL7C09BVJnSmIkdvvW6sJHs9Z9Q60hWLWB1RJckxHXWooHK2ChB5x98QpJxn9gFQvrW03TWohtxmZt0lIkhwhJLi0pwRnqe7JFTPtRtVqiJpsOOacvqW0pyV+QuKSPlAIqltsOhK52JvzblarhYSk50tlKRm3gaqmN0kjwFShjpMXtVhweaa6lsqIgnMTl3SYEc418TSum4Oj4Xk7n9OK1/ckVGvEVvt/B7YXIMFi3++s1tbSVhtSVMcyccwCVABSQc9QRnl6Vp7u8TNq0O0/CtTiLldk5QezOWo6h0PMr0j0VFu1m1F1351H7+X15xqylfM7IUeQy8HPZM5+59K+4depNPmx+xgaSMf2j/ACVo3rCh2nDvCUpOpB+1uHEhtW59FO+q2zd50aI4y9pLc8H2rfZr3DulwUco7RDxLLZBIIICHFq5sEZV6q6fvNwm1qRiehSCUkZbX3f1aoT7rlw8oSdO7i2dhDUe3Qk2C4iOABFbSsqiu9O4JKlN58PMqznCBxBRuJLYu03wOoN5htogXtgHzo8xCQFKI+9cADiT4hRHeDSvpIxEbQWNrtJbp7PabWN+QgykGOeuveOYoaGXs1LEKZGhT2neymvdksLAUhtCFEHIyQtRxkDuT+SlSSFTdtCvPMtmc4t318xaVn9p+SkMgjwNLejLk22t+BIKexmgcvN8ELGQAfUoEj8lVE2sZo3TpW6tC23J9Wtrmh5bCszlBsuMNEJbcQC115c4wodc+HfSlty64NOK7cFLqn20uoUOUoWjlS4CPDqrFYrjpxESYgSBHV2aezbW+txl1KMk8hUkYcSDnHeRk9EnIpchMSblIYjobekPucrDDISpKnCQoIQlKiVJThS8FfnKKisgJRmlKQpxyBqT6Trw/Cip64So64+1znPnz5hxnx5WmkH/AOZKqlCkTbnSQ0Noq32sqS45Hby8tPct1RKlqHqKicerFLddxbL4e5Y4RbWjvnIQkHxjUeg0hUZJNFFFFP1Y0VqX2yRtSWWXb5jQeiTWVMPIP3aFDBH5DW3RRRVS9f8Audd+vFrukKyaptEBFxJbMp+A4p/sj3ghKwnnI6EjA8cDOBHB9x41KixqhI11ZsyFpckuqtzxU5yZ5EDz+iRkq9JOPQKv3RW3r1868gVQhj3G67zptvjzdc29q0RVYcTGtznlC0qOXFAqXyhasAAkYSAnocdbsW3a7T9t26i6SFpgyNORIbcBMCQyl5hbKEgBC0KBCu4ZyDk9aX6KxU4pW+iKgq7+5h8Ot8nLkydj9qlvOHKlDTERGfkSgCtb7FZw3fiM2r/+G430an6isZr2oA+xWcN34jNrP/hyN9Got1J7h9tQvcq6ah0slOiE3MBPkVntcVpmOnlSFIR5oIQSkK5fSTV0aKasYwWzxRjyW/RnRMxJE+MESO46U74Ljt9hFx5Xh68jkRMJMcdMwMHTeNap79iHspA5tb3pwpATzOWqCtRAGBklGT0A76PsQ1j/AJa3b9TwP3dXCoqKf1XbLfsg/eX71S7+tjav9rP7jfuVTt/3IGxyI62jri+tocGF9lbITZWM5wSlAOMgdPVSntX7jHsXoyddbhqbR9k3EvF2UjtJmobZHkFpKBgBCeXAJ6ZUckgAdB0q2NFOeEbDYHhdyLuwtwhwAiQVbjw1JFNWM7fY9itqbK/uM7ZIMZUDUcZCQfb3VTffn3OC0aUnWxGzO3OkdMQ323VXZNpZj21MlwFAZKwMc5SkuAHw5j6aYH1he6P4Bh/rNj6VTrx4XLcCDftMjRa9WIZXHkmX7ztuqSVBbXJz8gPXHNjPrqB2L1vs+6lHlG5qMnqpbclKU+skpwBXQOz718nDmw060E66KmfOO+CP/Fcr7XW2Frxh43DD6lkpkoy5T2UxEpJ3Rx3zXs8Bu6CRlVjhISO9RubGAPT31sXTgR3KkQhFiWKOlo4LkgXJhLj57/vuiAe5J7+8+AGO5al3sUymPGc3PcabVzKfVHlcz6vVlPRA8B3nvPgBq+/++3x26P5iV9GnUP4muCXmfte9TCbTBG5SLe4nxT7tYYfANuxAUpKtPQnkrUVlxN1YCsn0gqrcHAZuiR/kGGP/ANTY+lWH3/32+O3R/MSvo0e/++3x26P5iV9GtvlGJ/rmfte9WkWeCfs9z60e5Wb6wvdH8Aw/1mx9KsM3gO3WTHUGdPQ1OEYB99I4CfX8Kj3/AN9vjt0fzEr6NHv/AL7fHbo/mJX0aA/if65n7XvUeR4J+z3PrR7la0X3PfdRUdCH7HCDSR/FIujHnH0qPN1reTwFbopSALBCAHQAXNjp/bWL3/32+O3R/MSvo0e/++3x26P5iV9Gg3GJn/bM/a96vBZ4IP8A+a59aPcrN9YXuj+AYf6zY+lR9YXuj+AYf6zY+lWH3/32+O3R/MSvo0e/++3x26P5iV9GvOvxP9cz9r3q98kwT9mufWj3azfWF7o/gGH+s2PpUfWF7o/gGH+s2PpVh9/99vjt0fzEr6NHv/vt8duj+YlfRo6/E/1zP2veo8kwT9mufWj3azfWF7o/gGH+s2PpUfWF7o/gGH+s2PpVh9/99vjt0fzEr6NHv/vt8duj+YlfRo6/E/1zP2veo8kwT9mufWj3azfWF7o/gGH+s2PpUfWF7o/gGH+s2PpVh9/99vjt0fzEr6NHv/vt8duj+YlfRo6/E/1zP2veo8kwT9mufWj3azfWF7o/gGH+s2PpUfWF7o/gGH+s2PpVh9/99vjt0fzEr6NHv/vt8duj+YlfRo6/E/1zP2veo8kwT9mufWj3azfWF7o/gGH+s2PpUfWF7o/gGH+s2PpVh9/99vjt0fzEr6NHv/vt8duj+YlfRo6/E/1zP2veo8kwT9mufWj3azfWF7o/gGH+s2PpUfWF7o/gGH+s2PpVh9/99vjt0fzEr6NHv/vt8duj+YlfRo6/E/1zP2veo8kwT9mufWj3a37dwO7pQFLSrT0N6O9gPMm6MALHgQc9FDwP91YZPAZuUZCxGs0R5oHoVXFhKk+pQ5uhHq6eitb3/wB9vjt0fzEr6NZYGp98ocouODc6Q2tPI4gsSgVD1Hl6KHgf2jIrAvYmCVB5n7XvVtFtgigEKt7jx7On2d1ffrC90fwDD/WbH0qPrC90fwDD/WbH0q+z7xvgy4FR5u50hhYylQZkhaf5qk8vmqHo/JkVg9/99vjt0fzEr6NZJucSIkPM+pXvVgqywVJg21z60e7Wb6wvdH8Aw/1mx9Kj6wvdH8Aw/wBZsfSrD7/77fHbo/mJX0aPf/fb47dH8xK+jXvX4n+uZ+171Y+SYJ+zXPrR7tNPe3gc4irZp2CvQNoVGu6pqUvuRbxCaWGORRPnOqAA5gnu6180X7m9xM7owBF1xrH3tiEDtGrhqR+aCPH7Sx9rJ9qh7asnwO3Tcmbupckaxc1ku2i1LLQu7byWe27ZrHLzgDm5eb14zVp6rnaa5uPLSHlJUqBqmY9pNXXsM3bJwpKbVC0pzK0XGbf3ACOWlVK2D9yE0BtnKYn6rlSdc3BkhaWZLQj25Cu/+ISSXMHwcWoH72rVt2SG1EajoiRksMIDbbYaSENpAwEgYwAB0AFbVFRdzt+frUxpC1DtdpnVtrkwbrp6x3OFMbLT8eXAaeaeQehSpKkkKB9BqA9H+5C7D7Z6qTetJaWuukZ5fS6+bRqO4x2pbYVzeTuNdsW1Mk/ccuBkgYFWZopIuwtloU2ttJSreCAQfEca9k1Hly4WND3AHls5jKUc5YlOt49g5sf2U3btwUaclJPklyvMQnwUtt5I+Qpz/bUy0VHbrYPZ64/OWbY/3UhJ9aYNZBaudQnE4R50LlbTq91ccdMLt6VLA9AVz/8Aj0U+dttj7Ptu/wCVNF6dcSCnyqRy8zYPwghKQEoz4kDJ8SaedFY4VsFgOHPi5tLcBY3ElSo7xmJg941oLijoTRRRRUvrCiiiiiiiiiiiiiiiiiiiiiiiiiiiiiiiiiiiiiiiiiiiiiiiivi1BCCpRwB1Jz3VroQZ6gtYIZHVCT3q9Z/uFZXoyZCk8xJSk55fAn11koooxRj20UUUUY9tGPbRRRRRj20Y9tFFFFGPbRj20UUUUY9tGPbRRRRRj20Y9tFFFFGPbRj20UUUUY9tGPbRRRRRj20Y9tFFFFGPbRj20UUUUY9tGPbRRRRRj20Y9tFaGpdVWvRdpM+8XKBaYCXWmDJmSEMMhx1xLTSOdZA5luLQhIzlSlpAySBRRWxIjqC+1a6OAYIJ6LHoPz17jvpkoyMgg4IPek+g1krGYyTIDgJSrGDjuUPXRRWTHtox7aKKKKMYooooooorAxc40mc/FbkMOSYoSXmkuArZCslJUnvGcHGe/BrPRRRRRRRRRRRRRRRRRRRRRRWBi5xpM5+K3IYckxQkvNJcBWyFZKSpPeM4OM9+DWeiiiiiiiiiiiiiiiiiiiiiiiiiiiiiiiiiiiiiiiiiiiiiiiiiiiiiiiiiiiiiiiiiiiiiiiiiiiiiiiiiiiiiiiiiiiiiiiiiiiiiiiiiqW7/AHELuLpLVXEFfbRuC7GY2fu9kTZdKItkBxm7iVAt7iokha2lSVJkPPONtFpba0uLPnuJCW03SqMrdwg6BY3pvu4E+wWy/aovNzj3diZdIEaU7ZH2YceGkwnC32jOW4zalYWSVEnIGACioB3R3m1NtPrrfjUOm5cNFz0zr7Trcaxs2uN2+tUvWW3IVai4lovKfd7Ylp7JU0tprmUI6HEUnaJ3D1Nuvuzw36un7r3yLC1VYtR6gucO0twmrYC09BkG2LQ9FU4oMNqcirUvlkAR3FAsuFyrfK2t0wrVHv2dOWE3rywXHy829ryryoRjED/acvN2ojEs8+ebsiUZ5elaMvYXQ1wMUv6L0m+YN6VqSN2lojq8nuillxU9GUebKKyVF4eeSSebNFFVh2K4jtwNwdUa+tOn9WXa8tXfbONrLRdy1vAtcJpuTJXMQxICICUOIt7nLHXySkeUJCFZPXFNzUmvdWbmaX2xsz+4+7mk9W2TdlrTGqDObsCZ8GQ7ZXpaGeePCVCkMcrsdbR7MhQkDtE9olIbtlYeFrbHSsZ9m17c6EtrMmNKhvNxbBEZS6xK5PKWlBLYBQ92aO0Sei+RPMDgVka4Ztt2drVaGRt9ohGiludsrT6bFFFrUvnC+YxuTsubnAVnlzkA99FFVv07xNa/cuem9aOaneuCdS7oXbQbmgEwYaWYcWJJuMdC23A35X5YluE3KcU46potrcCWkpKFhpaq1tqndj3NCx7m6g1xcdY3PXUjSV5XpqLFtsW32aQvUFtW5CilLSH+ZlavJ1GVIc89BKuQ5AudD2V0bbty5OtI+ktMsaxmMiPIvrdrYTc32gAAhcgJ7VScADBVjAHopOjcM+28K9Xq5M7f6IauOo32pV2lIsUVL10eaeS+04+sI5nVoeQhxKlklK0hQwQDRRTP4Ot8Xt0dkoep9Uakhm96iu8iO9aHW24Z0xMCyg2IJUhDq345bUlZdytxwOLSEtqbQiIYvEjr1nhv3o3oVqyTMumh5GrINv0AiFCFstyrW9KZjCSoMmct9TcduSvEhKVIf81sJ5VGz8vZTRs++OXN/SWmHrk9c2b25LctbCn1z2WuxZllZTzF9tr7Wl3POlHmggdK8N7HaKZ3Mf1qjR+lkaylMeSvX4WpgXN1nlCezVJ5O1KOUAcpVjAAooqpW+e/u5uxi9RaWsm5y9ZS3rPpe9Q9STrRbnFWl2fqFi3uNlqM00y5FkMLcU0lQ7UBp7DyiUqRs3vdzdPbvVevVO7nXa923bfdLSOlY8aXZrYh28w7y5YUy0THGo6OjYujvYGOlhSCgdqp8dBaHTPDdt3orTMyy2bQOi7TZrjMbuEuBCskZiNKktuJdbfW2hASpxDiELSsgqCkJIIIBpWnbWaYua7iqTpywyFXifFus8u29pZmzIpZMaS7lPnvMmNH7NxWVI7BrlI5E4KK1t1dfXXbyxR5do0TqfXch6QGVwrG/bmX2EFKj2qjOlRmygFIThKyvK0+bjJG7t7qmdrTSMW5XLTd60jNkFYctV2diOzIvKtSRzqiPvsHmACxyOq81QzyqykLVFFFV14c9EWrQHGrxBM6eslqtCJkTT89xmHFRFblSnW563Xl8gAU4tZJUs5Uokkkmoa4LLbBsV54YNRWNtka43M0pcp25UlAHll5eTEYclvzj8Jbse6qbYSpzqz2y2klKSUm2ukOF7bPb7cKXq6wbd6Fseq56nlyr1b7DFjXGSp1XM6VvobDiitRyolR5j1OaV9KbOaR0Jq29X+x6V03Zr7qRwO3a4wbYzHl3RYJIU+6hIW6cknKye80UVWbhJ2PsPCVxfvaL+pvbG56g1bpy8aoj6xsenkWy/eS++sYuw7irndW8lxctktvBxCV+RuAtgoBpa4XNrNL3fiInbkbW2CzaW2/Zsk6wl23NJjjcCeZbCjcXEp/jGoxjPNNSXMuPGU+oHsg2t6etutj9FbPybm9pLSGl9LPXt7yi4uWi1MQVT3ck87paSkuKypRyrJ84+mkParhD2m2K1Mu9aI2v270beXY6oi59j03Dt0lbKlJUpouMtpUUFSEEpzglKTjoKKKqV7nBIlacuuzGo7/AGDbu8ar3n0zPm3W/QLWtvVMGawll6YJ8xxxSpLRfWppTQQymK4GWUhaQCJB4eeF7aq+cZWo9daC240RpmFtQ9K09En2ezx4L95vj7STcHFutoClNx2lpjJySC69M5gS02RZPSuzGjtCawvOobHpPTVmv+ol9pdbnBtbEeZc1ZzzPuoSFunPXKyetKmmdH2nRUJ+NZrXbrRGlS357zUKMiOh2Q+4p155QQAC444ta1qPVSlKUSSSaKKov7nBIlacuuzGo7/YNu7xqvefTM+bdb9Ata29UwZrCWXpgnzHHFKktF9amlNBDKYrgZZSFpAIlrhV2q0reuI6XuPtjYrPpPbxqzTbCt+2spY+r+cqYwpVxcSn+NbjGM801Jcy48ZT6geyDa3p60rsxo7QmsLzqGx6T01Zr/qJfaXW5wbWxHmXNWc8z7qEhbpz1ysnrSBtVwh7TbFamXetEbX7d6NvLsdURc+x6bh26StlSkqU0XGW0qKCpCCU5wSlJx0FFFR5w06Gs2g+N7f1iyWa2WWNNj6envtwYjcZEiQ6iet15YQAFOLWSpSzlSickk1YemLpDhe2z2+3Cl6usG3ehbHquep5cq9W+wxY1xkqdVzOlb6Gw4orUcqJUeY9Tmn1RRRRRRRRX//Z\" data-filename=\"105267621.jpg\" style=\"width: 450px;\"><br></p><p style=\"color: rgb(40, 40, 40); font-family: Arial, &quot;Microsoft JhengHei&quot;, sans-serif; font-size: 16px;\"><br></p>',NULL),(8,NULL,NULL,NULL,'<p><img style=\"width: 256px;\" src=\"https://d1l4paive701xn.cloudfront.net/bde29acf-24c3-4377-b165-08d5da9ea6d8-maps_96in128dp.png\"></p><p><img src=\"data:image/jpeg;base64,/9j/2wBDAAIBAQIBAQICAgICAgICAwUDAwMDAwYEBAMFBwYHBwcGBwcICQsJCAgKCAcHCg0KCgsMDAwMBwkODw0MDgsMDAz/2wBDAQICAgMDAwYDAwYMCAcIDAwMDAwMDAwMDAwMDAwMDAwMDAwMDAwMDAwMDAwMDAwMDAwMDAwMDAwMDAwMDAwMDAz/wAARCADtAcIDASIAAhEBAxEB/8QAHgAAAQQDAQEBAAAAAAAAAAAAAAUGBwgDBAkCAQr/xABlEAABAwMCAwMFBw4ICgUJCQABAgMEAAURBgcIEiETMUEUIlFhcQkVMlOB0dIWGBkjQlJVV5GTlJWx0xczVmJykqHBCiQ1NkNzdIKyszQ3RMLwGiUmRmN1lqLDOGWDhIW01OHx/8QAHQEAAQQDAQEAAAAAAAAAAAAAAAQFBgcCAwgBCf/EAFARAAEDAgMEBQcHCAcHBAMAAAECAxEABAUSIQYxQVEHEyJhcRQygZGh0vAIFUJVorHRIzNSU1SSwdMWFxhigpOyQ3Kjs8Lh8SQ1c4M0NkT/2gAMAwEAAhEDEQA/AO/lFFFFFFFYbhcI9pgvSpT7MaNGQp1151YQ20hIypSlHoAAMknuqvl590Mt2qbnKg7XaM1Puk5BJD8+3pRDs7JHQ5mPYSrBB6oSodD1Na3HUI840hvMStrWA8qCrcACVHwSAVH0A1Ymiq1u7+cQjzxW3tDoplHIHExndahUhaT3AcrJSSc9wP7RnKrjh1doFSVa92W1jaoIUUKuOnpTGoIySBkkhrlcAHXPmkjB8RWrytvjPqP4UjOPWydXEuJHNTTgHpJTA9MVY+imPsrxJaH4h7S5L0dqS3XoMf8ASGG1lEqKenR1lYDjfU485Ip8UoSoKEpMinRi4afbDrKgpJ3EGQfSKKKKK9rdRRRRRRRRRRRRWGRHVz9q1gODvB7lj0H569x5CZCMjIIOCD3pPoNe6wyI6gvtWsBwDBB7lj0H56KKzUV4jyEyW+ZOQQcEHvSfQa90UUUUUUUUUUUUUUUUUUUUUUUUUUUUUUUUUUUUUUUUUUUUUUUUUUUUUUUUUUUUUUUUV8WsNpKlEBIGST3Ciihaw2kqUQABkk+Fa6EGcsLWCGR1Qk/des/NQhBnqC1ghkHKEn7v1n+4Vs0UUUUUUUUUUm6m1VD0pCS9KWrmcVyNNNp5nHlYzypT4n+wd5IFRxeOKGHAuioyUw0uI6qaC3H3Ej0q7NJCfykeuozjW2GEYSsNXzwSo8N59Mbueu8bqcbPCbu6GZlBI51LNFNnb/dK36/aAYW2l8oLgSlwLS4kHBUlXTOCQCCARkZHUU5qeMNxO1v7dN1ZrC0HcRSS4tnWFlt5MEUUUUUurTRRRRRRRRRRRRRRRRRRRRRRRRRRRSXre8L09ou73Bs4XBhPSE9PFDalD9leExrWK1BKSo8Krpuvb08Z+6lw0/LkTBtfoOUlu6x4zhCNS3HAUmO6E4UqM10KwD1Kk+solu0WtixW6JbrfEjxY8MBMSNESlDbXKP+z4ASphA6lGO/14Bj7hHsxtPDtpJ5ZcTMukNd5dUkjtgqS4p1bzau5SlBSU9meuE/IZEWgONhBbbU26pKOyQeRpavuWkHvZeJ6qHd+0NUlXbO8/Hx8CkeBWqQyL1wflHQFKPcdQnwSNI3TJ3kk/UOJW2goU32TpU62vPI24rqFPpPe074JSenf68eu3DAcWStpCQG3SRyqSk/BadSOqXVnGXB4Y9WfK3FOOurWpt1alhDy3UYbdcT9y+jwQ2O5Y6Ej8o24ptwKS4824y2XA8sc7zDZ6KePxyFZIT4gfLj2fj4+Pvp9+Pj4/Co23u4StMb1XNV0IuelNaxjiHqTTz3kd4hPfcp50jD7CABzc4VnBB8RSPs9xZ6p2V3DtO3G+TkBcm+u+T6U15BaDFq1UR0DDyO6LMPgnPZufcY6AzAgJShCA0W2ykBDTK8qQg9yGFn7tfepJ8PV1KBu3tNYN+Nu7ppXVFujXWzXz/F5LP8Wl55PwORWOaO4ycKCx90PTkV6lRSZR/5+PX9xYLvB8qzdWEId3kfRX3KHPkodod40qYKKrRwS7yag0jra87G7h3F66ar0hFTP0/fJKC25q2xqVyNSVZ6GQ0cNO4PU8quuSasvTi24FpzCttldpuWusAg7iDvBGhB8D6940oooorOldFFFFFFFFFFFFYJEdQc7VrAcAwQe5weg/3GskeQmSjIyCOhSe9J9Br3WGRHVz9q1gOAYIPcseg/PRRWaivEeQmQjIyCDgg96T6DXuiiiiiiiiiiiiiiiiiiiiiiiiiiiiiiiiiiiiiiiiiiiiiiiiiiiiivi1htBUogAdST4UUULWG0lSiAB1JPhWuhBnqC1ghkHKEHvX6z/cKEIM9YWsEMjqlB+69Z/uFbNFFFFFFFFFFFFFFQRvrf7jedznLDAHLNkojwIrhPmsh3znFY9mCf5reKki16ctWw+2cxUCMFIgRlSHnDjtZjiU5K3FeJJ+QDoAAMU2twrEmxb/6WvS0gRpy/JVqPcl4IWlOfaFjH9E1J8uI1PhusSG0OsPILbjaxlK0kYII8QRVT7J4O4rEsXunlf+pDqkIURORCkhaCO45hPMJCdwqU4pdpFvatIH5PKCQOKgYV93tnjVbJ+5bCd07JeIwZYkuTGmpLjbAYQ92iwlYI6k4QVZUeuAPRU8WfdTTt9vblsi3iC5cWThUYucrv9U4J+Sqy6ktOn9PbhuybAxJciQXsR1SJK3wMHzuzCu5PeBnJx1z1qNd8NKL05rp24MFSoF6UZ0R8dOqjlac+Ckq/sxVJ7O9JOIYC7doTkfl3Msgqg6ZSUHkSkSogzpvkVOndl7bFC2lRU3COzIE84I7gdwI48q6CUVTTYvjPvOgH2LfqFb97soIT2ijzSoo9IUfhgeg9fQat1pTVlu1vYY9ztUtmbCkp5m3WzkH1H0EeIPUV0bsdt7hu0TR8mOV0DtIV5w7x+knvHdIBMVXuPbM3mFLh8Sg7lDcfwPcfRNKNFFFTeo9RRRRRRRRRRRRRRRRRRRWhqmzjUOmbjbz3Torsc/76Cn++t+ig1ipIUCk8arnwc3Fc3hv01CeS23LsvbWh9pxWG/KIjy2SsnvaUlKUlPgeYeoiS3VJShxZWtpsIw646jK0IPjIQO9a+5K0+HX05jLyQcP/ABR3a0PpSzprdR0XG3LUjLAuqEhLsVzwCHkhKh/ObA+7wZRAUl9CkOK7RHM4l0nmWjHwn0n/AEjKR0Sk9e71YaQkjsnhp8fH40mwJ2bRLCvOa7B8UgAH/EIV6fRWNxC0PFCm3kuNIDZZbPO82jvSyk9zzZ6FXiB/Z8SlTi2koDTq1uFxhLS8NOuJ73GVn4KWx/oz0JHyn42hKUNpby20E87XIrBCCeq2Vd6XnDnzD4Z9efikhTTgWhstvKS06jHI28sYKI6x/o1jvUsdP7AD4+Pj8Kevj4+Pxr6h1KmivtEdm4SourBQ2c/CdcHe0+o9En//AAe1K7MO86XEdmhLL4UnK2mz8GO4kfC5u8uDuHjjrQVL7RxallTqSe0U4jmUSO9Tye5bCO5Kh4/lr43lstBJebLTZdZ5FczrDSvhPNq/0nP4IPUDw8KPj4+PxHnx8fH4VAfugEGTt7pXTW8lqR/5+2burd3f5FErmWh1QYuUVtQ+GwGVhXX4Km89O6rbWy4sXi3MS4rqH40ltLrTiDlLiFAFKh6iCDULcRVkjai4c9fW+YmMIEzTVxadR3R0p8lcIQg/6NzPnLSehx494WOBC9ydR8FG0k6WVKkydH2pbij3rV5I353y9/y0ptj2yOdR7KGsUWlO5xIV/iScpPpBSP8ADUsUUUUtpzooooooqv3GpxN6k2AvenY9ibtK27oxIce8sYU6QW1NBPLhacfDPp8KhL7I9uF8Rpf9Bd/e1PnF3vLpDay8WFrU+io2rHZrL647jrLC/JkpU2FAdoOnMVJPT72of+u62p/E7b/0WF81WRgds0qxbUqx6w69qU66nmZ7qpnae9eRijqE4n1IEdiF9nsjkI13+mkP7I9uF8Rpf9Bd/e0fZHtwviNL/oLv72lz67ran8Ttv/RYXzUfXdbU/idt/wCiwvmp18kZ+rfaj8aYfnG4+ufY57tITXujGvkTEurjaaKe5YRDcSVj29r31uXL3QzcGKlDzLel3oj38W55C4CD4pUO16KHopR+u62p/E7b/wBFhfNXxXF7tahJDe0UNCVEFaBGhcq/aMYz66wNk1MjDvaj8a2JxN/LlOMj1Oe7SJ9ke3C+I0v+gu/vaPsj24XxGl/0F397Tlm8VG1UVhp5G0FtejvfBcTEh4z4pPToR6K1vrutqfxO2/8ARYXzV6m1YIkYd7UfjWKr+5SYOM+xz3aQ/sj24XxGl/0F397R9ke3C+I0v+gu/vaXPrutqfxO2/8ARYXzUfXdbU/idt/6LC+asvJGfq32o/GsfnG4+ufY57tIf2R7cL4jS/6C7+9o+yPbhfEaX/QXf3tLn13W1P4nbf8AosL5qPrutqfxO2/9FhfNR5Iz9W+1H40fONx9c+xz3aQ/sj24XxGl/wBBd/e0fZHtwviNL/oLv72lz67ran8Ttv8A0WF81H13W1P4nbf+iwvmo8kZ+rfaj8aPnG4+ufY57tIf2R7cL4jS/wCgu/vaPsj24XxGl/0F397S59d1tT+J23/osL5qPrutqfxO2/8ARYXzUeSM/VvtR+NHzjcfXPsc92kP7I9uF8Rpf9Bd/e0fZHtwviNL/oLv72lz67ran8Ttv/RYXzUfXdbU/idt/wCiwvmo8kZ+rfaj8aPnG4+ufY57tIf2R7cL4jS/6C7+9o+yPbhfEaX/AEF397S59d1tT+J23/osL5qPrutqfxO2/wDRYXzUeSM/VvtR+NHzjcfXPsc92kP7I9uF8Rpf9Bd/e0fZHtwviNL/AKC7+9pc+u62p/E7b/0WF81ZoHFXtbcZIaa2ct5UepJiwgEgd5Jx0Arw2rAEnDvaj8a9TiFyTAxn2Oe7SHA90Q3GuMkNNR9LFR6kmE4AkeJJ7XoBXm6+6K65W+hDDWmnW2/hLVCc5XVekDte70Zpaf4udqmpDjbW00FcfuPJFhpS97enUejNeTxdbUDv2dtw9sWF81YizaJn5u08UfjWw4k+kZfnkT4Oezs0h/ZHtwviNL/oLv72j7I9uF8Rpf8AQXf3tLg4utqD3bPW4+yLC+aj67nan8Ttv/RYXzVn5Iz9W+1H41q+cbj659jnu0h/ZHtwviNL/oLv72j7I9uF8Rpf9Bd/e0ufXdbU/idt/wCiwvmo+u62p/E7b/0WF81HkjP1b7UfjR843H1z7HPdpD+yPbhfEaX/AEF397R9ke3C+I0v+gu/vaXPrutqfxO2/wDRYXzUfXdbU/idt/6LC+ajyRn6t9qPxo+cbj659jnu04+HriA1LxZX69aZvybMw3HtarhEdhx1tOMyUOtpQrJWroOY+FSHrHfd65bQtx8+T32U6qBMSnoWuQfbFj0cwIA9BUfRUNOcdWj9FW6XJ0ltg7ars62GS9b2YiHy0VpKwOUeccDIHXqB0OKTdK7lu7niXc3bdcLama95Q23NHK8vPNzLIwOhJwDgZ5Sa5A+UPi1zg1+V4awpgvs5F7spTPZIIPnp7YHIOTwEdLdEFuL7DEm6uBcZHCUq1meIhQBjd6U0rgYHToBWw6Il/wBOv2a6ILkJ4lxlwHC4b2Oi0k+B8RWvTt0roq2ak0q7KeemwHYhV20hQSWD49Ae/AxnHia45wxt9b0W5Ewd+4jiNdPX476vS8fbaQFuTvGo3g8DzqvGp9LytKXFUeSjpnzHAPNcHq9fq/upy7IcQV02C1AZjHaS7M8oG4wM9HUeLiPQ4kdfWBg+FPK726LeYi4slPbx8kIUU4UBnocZ6ezOR4H0xFuPtlqCzpcNuKLhBdyAG0APpHoHgr5MK/minTB8TftblF1auZHEGQQd38O48CNDvinV11i7YNteJkK07j+B9o4V0a0hq236701Cu9qkol2+4NB5l1B6KSf2EdxHgRSlVM/c2N0blYL1cNIXFqUi3Sl9rC7ZCkBh/lUpSBkfdJQTjwI9dXMzmu5tiNqE49habyIWDlWBuChBMdxBBHKYnSuftoMIOG3ireZTvSeYPxB8KKKKKl1MtFFFFFFFFFFFFFFFFFFM/fHZq2b67fSrFcu0ZKyHospolL0J9PVDqFDqFJOO459hwaira3dS5QtTjQOvWm42to3WIskMxdUtozyPRV9EocSAVONDGTzKSMFQTYWom409MaY1FsHeFamgSJiI6U+Qrhr7KaxJUoJaWw4OqFhZByPR3Gm/EXGmGV3TpypQCSe4CT8ew0k+bbp66QvDRLyoTlOgXrokngZPZVwnWRNLSgHOZYeacDiisvOp5WnVDop55P3BHQII6Hp4YryQGytRL7PZN8rilp534zSj3OJ/0vaE/CHUA+nJqm44ud0Nl1QoVxFv1YxFaRzOXJgsy57SR5oU6nlyR4pWnOc9Se+btmuNrQu7MNCHbkNL3mL57sC7vJjrjLIHO808rDbgA6JbOOngB0qEYLt5g+Ju9Qy5lXPmrGUnw1IPcJn76sTFdicXw63F1cNgoIkqScwGms8o4mI+6pbDKuZKA2edIAS0ysKV0GQ3HX3LbA6rSf2dK+tILyWw2WnRIdK2iCUNSngcFxJ72lp7gk9Cfy0k/V1p027t/f2wiGtPMF++TKGVJPXzVc/2t9ZBJOcd/XPWox3N49Nv9ET/AHnsk2XuLrC5JLbNg0nG99JcvlGOwd7PLTQHd2xUABlXoBmMgb/j4+ORgtzilpbpzPOpE7td/gN5PcJJ+7H7oLr+TprhmvVgsZXJ1VuM4NF2COEjtpk2b9rWt1v0ssqccLgGMJyenLmxO1uhI21u2entMwzzRNO2yNbGDjGUMtJbScexNU61d7n9unxVxhuLrHWUnbzcu0lKtEWi0Su2haOYTk9k88BmQ+7kBxwZSAAkBafNpT4ePdLrtt5uA3tdxHW1nROtWlJYh6gCQ1Z72CeVK1K+CypR7lA9ko5wUHzK3MqyLlwRO744emoonGEoxAvXyC2lYCWyrdAJJzfoqUTMGNAOIIq6FFfELS4gKSQpKhkEHIIr7ThUsrxJktwozjzziGWWkla1rUEpQkDJJJ6AAVAG+fHUztyypVhsT17bQDmQ6vsWl/0RgqI9Zx6qQ/dAOKrTm1T9t0rd9R2mweXJEx4zJQaMhIJ5Wwk9SkEcyumPgj01VDWPEho3cBUa223XOn7hMmOBttiPNQpxwnvwnpzHHhVLbZ7f4kxf+Q4S2oJQe04EZhPEAqBSAnco85Gka722wRJrf3Y4urrxY3tt66WSLZfqcCo7KWVKV2wd5VEnJPd2Y9HfTVpT1hoKBoS/utQWezLiQh1zmJLxQThR8M+ce70geApMrtLYdm6awK3bvVBTgBzEQBOZXIAbtN1crdIMf0huY5p/0JooooqV1Dad2xu0MvfHcqDp2JIRDEhK3n5K084jsoAK1cvTmPUADI6qGSBU/Xjg52liX6bpf6v7hb9VwIwkPJmSGAlCSkK5yhSEpUnCgSEryAe8VEXCFC1W9vPGk6O96V3WDHcccZuMgssyI5KUuJOAVHvSfNBIIB9VXKtd3Vu7qKdprWu2jzCYbalCZKaZn2qSAQB2TqgFZPNkAoBGDnBFQTaXErpi6AachATJCSkKBneQdVCOA/8ANq7FYLY3VgS8zmcUuAVpWUkRuCkkBJnifUeFa+FrhUtO68vWcK5Xl2QmwzW4aHLW+2uJOSQo9olSkq9AKVAjHUHNONvgR0XuPpafJ0FraTcp8FSmih9xl9lLoz9rc5EpUgkjGeuO/BqS+EvRVr243U3XstmUFWyDdIaWE8/P2HNH5y1k9TyKUU9evTr1qMJHG/pLayNdYuhtBrtM+RKcEhxamWWXXEqUkuKCCpSyMEgHHf7aQOX2KXF4583qUY6sgdkJhSQTmB5934U6tYXgdnhzPzshAkupUe2VEpWQMhTvjvjgedNbhw4NWNyNFy9Wavur9g09FU8EpaKEOuJZKkuuKcWClCEqSodxJ5ScgYyo7r8GFic2mXrXbnUEm/2qM0qQ6w+pLqnWkEhxTa0pSeZGCShQ8D1BGDKeloSt2fc+H7Zpxw3K4KtLsRSE4S65IQvmcQoeC1dTjx5x4EGsnD3apWyfBjd5GqYr1qITPlqjSk8jqELylCVJPUKWcYSeuVivXsbvA4t9LvaS7kDekFPhvk868ttmcOLLdopiUKYLhekyF6cZywOXL0zG+33B5oO5cPto1zqXUd9tEeVBblTHEONdgyVq5RgdkpWMlI8e+tLdHgs07C2iGttF6plXmzsoEh3yjs1JdjhfK4ttaUpwpA5iQoH4JHQ1LWgdU2nQfufVgud/tDd9tMKzxPKoK0pUl5JdQnuUMHlJCsH72tfjhu0rR/DRDj6Sj26Lpi4rbiS/JmeQNRnBzI7MJwlKVqwknH3Yx3k1rZxW/VfBtLhguqTrGXKIkbpnUR7Na3XOA4SjCi8plMpt0rMZs+ZQMKmcuWQZ04EnSm7YeBXa3VWnJV4tmt7vPtMIuB+WxNiuMs8g5l8yw1gco6n1U1dvOCfTW52vr49atVPytC2YMttzo7rL7015TQccSHEp5EpQFDJ5SeuPDNPDg/PNwRa3J+/un/7VNNrgLla/0voS63KxWyz3/TjriluQXLj5PN8pbbAIa8xSQpSeTo5gHCTkeO5dzftIustwZbUEjNlG/jJETA04b6TN2WEvuWOezAS6krVkCiRAgCASSmSCY10HCab+5XDntnK2unal0JuAxKNuKkqjXKY1iStIyWk5ShaXCPggghXQdM5qAK6Aas0RpniK2eu921HoqTpW4x2X8P3OG0xPiKbRzB5LiCSW/acHBBGK5+sqK2UKPepIJ/JUg2YxBdw24hxSipB+lBieGZMBW7fFRHbfCW7N5l1lKUpcTIy5hMccqpKd40k+ua9UUUVJ6g9FFFZoMFy4yUtNJBUckknASB3knwAHea8JAEmvQCTAogwXLjJDTScqPUknASB3knwA9NebxqJmG2q3W8Kkc38atIwXyPT6EDwHj3n0V5vd3Cgq1Wxf2s4MqTjBd9Q9CfQPHvPgBghw24LfK2MeknvV7awAzdpW7gP4mtxUGxlTv4n+A/ifR46cVD92Z7RcgtIJI5GhgjHpNZRYY33SFrPpUsmi2jsZktnwSsLHsNblbieVJgBWmbDFPc2UH0pURR73vxurElRA+4d84H5a3KK8zGvYFajF0w6GpCCw6e7JylXsNbdat7UlNrdKkhXTCcjuJrFDecty22HzzIcA7NfoP3pr2Jomt+iiisa9pW0RG8p1HHHoOf7as3eNKOtaetV5QlSmlM+Rvq7+RQJUgn2gqHyVXDa5HaarbH83+8Vcd+exbuHqcl5SUmSWWm8nHnBYVn5EpJ+SuZ/lEYaxfYJeNvmMjecH+8gZh64y+musOgy5Wza26kCZWpJ8CYPq3+imPpKdbYkx1u6xe3jSUdn2qSeeMc550/8AjP7KXt05rkONb7fEDLdmLIcY7FYUH8eJ9h/KTnv7o9+qNhTCn22pz0RvquS1FcWwgekrAxj11qva8tqGwpt1yR4ANoJ+Tr0r5woffbtjb5IzbjEGJ3ExqD8GNK6kXbNrfD+bdw3iY3jXQ/G/WlhSghJJIAAySe4UzNUazcmTAiG6puO13qHc8fSQehT7fbW1ehfNStKQzBdRHzgtNqSpxR9ChnPyYqbOH3g68gkMXrWDTTjiMOR7XkOIQfBTxHRR8QgZHpJ7hItj9i8Rxu7DNmjd5yj5qBzJ58gNTw4wlxbGbazazunwHE+FMXayXE0nENxltSPqj7JEiIh0LbLbbqThaPvUFOeo7+vpqTLLu3qbTunbVqNSkXGxznXI7rJKiQpC1J81SiSM8pwQeUkEEdxqV9a7Uac3FXHXe7PCuDkUYaccR56B38vMMHl9XdTF4k9Q2vS+hY2n4yI0dRLa0sNJCURWG+ucDokdAAPb6Ku3Edib/ZWwucQTf5G2ky1klKlOFQIzjUKnzI1BSZIEVDLbGGMTfbYLGZSj2p1ATHDiI3zpB8afN/3XsGlds5GsLlcWIOnokMz3pbpwltrGe4dSrwCRklWAAScVUyV7pFuzuW8i57Y7Is37TTpkLhm7akZgXO8NsHDq48YjKwnIB5C4ArzSebza0fdCGrtbvcx7LJQH2oSLtAm3Tvw3DckrW2V/zQ4uOT6OlVa0H7q/atvNrNHafk6Iful920dzY7tAntRUTEhKgG31Fsuob87DiWie2CcHlBNT+52wJNui+dNsFsocJSJJWoA5dUqgDXhqdJqf7FdGrt5g7mKYZZJvnevLeRaylCEJGquy41KiSPpaAghJ1joZwMe6C6U44dP3RFuiTdOar06tKLxp+eoGRD5iQlxCgB2jRUlSebCVJUkpUlJxmfK4t+4uap1HuZ7qDcdRJUtw3O0XefqBxhPIytLzra+oHQJMlSOUfzfVXaSpXsfjL2J4cm4f84EiYiY4xwniOc1DOl3Y+z2b2hVYWJ/JqSlYTObJMgpzHUgESCdcpEydaKKKKlNVhRRRRRRRSDuXoGNudoqdZZTi2ESkpLbyEhS2HEqCkLAPQlKgDg9/UeNL1Fabi3bfaUw8JSoEEcwdCK2sPuMuJeaMKSQQeRGoqje9O1Nz0c+iDqyEEtc3Zxbk0SqFIBP3KzktqOP4tfyFQ61DevNlitKnEsG4IQMBTasSGAPvc949XUV1BudrjXqA9FmR2JcWQnkdZebDjbifQpJ6Ee2oG3O4Kmh2kzRkoQVDKveuU4pUYnv+1OdVNH1HKfRyiqG2q6KnQTcWErH2x/BY9So0AJ1q8NmOk5ogW99CD9g/xQfWnjIGlUe2j+ozby7qc1TthpDXFtLpW+p6Elu4xx6cZ5FJ8cKSR6010N4X9fbX6u0tybdRbFaGggLftkOG1CfYx0BW0gDI8OYcyT4E1VPXW0RlXJyBdIMmzaiaBKUqSlt5WPu0H4Dqc+KSQfTUaytFXXRtwbuC1SrFdYjvMzdbestpCx3KVy9UE+n8pNMOA7dYvgSuov09c0NJIhSe4neCOSpHARSvFOjTZ3EybvCW0W76teylMKnjpEg8xqd5mupVRHxfbDbdcRO3itP69YjK7Tm8hkIA8tiOFJ6tHBPUDqkgpVjqDgYrpt57pVqHR0QWTXkQvNp5W06jgMc6m0nxdZHQn+cn8hNIPGhxpQ9F6bskfQF6g3O+XtSbi7dk8kvyRhCiAMLBAccUCCFDKUpV0BUKvHBtrMPxtuLBQUeKVaEeI4xzGnfNU7tFsZdWCVMYq1LatJiUq9PtAMHjFPHgm0FuZwjzpWn52u7ZrTbeOVotdulxnxcICfuOyfUSEN4xllXOE/cqHjY9vfs83n2rp/NkZP8Aamucs73Y3+CbRrdw3H0wLnEblMxlz7AlLMoBwkcxjrVyLxjJCFpPToKslw9cWe3XFXpNd50BqmBqGOxyiTGbCmp0FSu5D8dYDjZPXBI5Tg4UaXuG6txE6eumbC8Ns7ZgW7EwN0qJPrJ3Vzb/AMJB1rfdV8aekWdMKuUeRO023zNMKCXFcjjh6qzgJHMT3gd2fCqScPcnXEHiK2/Zvzt7TBuN9jM8sxXMlRS6k+1KspyO7IzjIq6nu3ErVjXugmh5OkIbcm8wdNB3keQhbCW+dWe0UsFCM9MKPcrlwc4qv+oNe6/1xxZbYy9QabtVotLV/EiJHgNxUB+SpRcUHnWQcFRJSkuEnGT1INRxT9/qlCEloh0qUd4OZffx0jQ8ZPKZWthgBwV+4uHXBdpVCEADIQYgnsndCs3bTvTAO49Rd9Guy1i4P5zn/EKZVLer9ftbnx7fekQpNremtqXJt8lba37e9kc7Ky2VIUUnuUklKhhQ6GkSuuNmyDhrRHf/AKjXE3SCI2huZ5p/0Joooop8qG1vaZvty01qCJOs8qXDubDgMZ2KSHkrPTCcd+c4xg5zjBzU+X7dniLTpV52VC1BEh9ke1ktWRpuQhGOqjypKk9PEJBHqpj8GmqLDo7iDs87UL0aLDS080xJkEJajSFJAbWononpzJ5j0BUO7vq6eqtP67l3+TetJ6vsz9vmRwmNarnbg5EaVyj7Yl9lQcOTk9eYecfViE7R4m2xdIacZQdJClgnj5oIBg8ddP42bsZgjt1YOPM3DiTmgoaIBGnnKBUmRwga8p1ilWwWtt0rDGu72gmLrObnSEOXB5i3omlbuCQVKWCQSFE+vOTTM09oHUW4s2eu02a53d+M4XJnkscuFlS1KJKgO7JCvyGrjcCtuu1qve5bF+iRoN5RfUKmMR2w2yhxTIUSgDpyEEKGO8Kz40xfc5h/553K/oNf8yTWTmOdSbt5ptMoDeo+lmjeRvidKxZ2XNwLC2feXldLwg/QyTuBmCSO0OdRPsBI3T0KPfvRNq1FJtlxyl7yaH28WXykpJwoFPOk5AVjIxjqOlZuI/W+5+oIsVOtlXpm0lfPHaft/kUcrAJ85KQAXAM/CJ8SOnWrJ8Gca7S+CiG1YX40W9ONTkwXpCeZpp7tnORShg5AVjPQ1k36lyNI8IN5Z3Kn2e532XCfYxDR2SJrxUSwG0kAlaPNPMEjHKTjFIFY4kYqR1KCoLyaeeRMZhpw8e7vp2b2YWcCSRcuJQprrNT+SBgEpOoOp7jz36GuwG9d42jY0imwahf0quM200wizIIU0lQcRhzl5j1AOc14uepN5V6NibezbXe1W6bCUxGtr9obLzzDPLnlUU855Mo65yPNq4N2iX67bL6fb0rqK3abnpYilUqfDTJQprserfIVABRPKc58D6aiHQl71S5xv2Sy6pv9u1G7aLLKdjyocFMVsB9CCpOATn+LHUn8ma12mNh5Liwy12My4gzIHnbokmJMzW2/2YVbLZaNw+esyN5sycuVR1R52aAJgZcs1EGkYu9u3mg7hpy16c1LFstx7ZUlg2VLpX2qAhfnFJUMpAHTu8KYW3G7eqtjrvJXYLlLs76z2UqOtoKQspyMONLBHMnqMkBQ69a6Bo01rz+HRdyOo7YNCdiEi0+TBUkr7LGe05QU/bPO+EenTHXpS3ja1dY9a8Qdyl2FxiQwzHaiyZDPVuRIb5gsg/dYHKjPiUeqnHA8WTfvKt3GUELSFKKQYnkuRqfX6eDRtRgDmE2zd21cOBTayhAWQDEec3lOifV3gaSjbkcUuu917Eq13m+rXbXP42NGjtxm3vUvkGVD1E49VR9RUjaChbWu6CjL1NdrtD1AZLwfajdoQGc/ayByFGcevv76lGVmzbAZb0nchPtgff4VBAu4xJ4quXpUBvcXwHAE+O7xqOaKlGJbtoFXy9iTf7g3BZmw129TIfcL0blSqU2AUA83NzpSteD8E48axXPS+27lnvabTfnZ9yNvQq1tOCS0RIDrvaKcy2E8vZdiUgqxkLyax+cUzBbWN30Txj7p15Qaz+Z1RIebO/csTpO4bzMdnnI51HMGC5cZIaaAKj1JJwEgd5J8APTX2/3pq12tyPDPM0cBx3GFSleA9SAe4eOMnwAkzWMnamDakQ7DNvEkyZ8VD7qnHE/4qFEvLJKASeXl81KVALUcAgCvl6g7Gy9UM29Fx1G9HSZMlUpLziGG2woJbbUOQuc3KVFKgnBUkBRAUcahf5oUppccsvLn/AUoOE5JQl9qdJOfnpA09Z4Comt0PyOMArq4rznD6TXqXMbhNc7h9QA71H0CpcjwdlIE+EhNxvr1vKI3lTz8l9K2TlXbEJS0cjAQeh68xA5cZpF0HZNpZbBl37Ud3W+qfKDXYMuJ5IZUURlAFJHOOXnWCclLmPhCtwxEEFRaX+6fj4FJzgxCgkPta/3xAiN8xz08DUYojzFPKlJ7JC3Bjslfe+HX01kbvKULCJDa46/53VJ+WpYuUPalOo4yYl1uC4RtTy3ed18I8rBb7NJV2RcHml4kJSpHMlocwClY2Ra9nYypIeu0+5oXOJjtoXIbKYxQnlSrLXVQPPzEdebkCQU5NBxEQCWl/umvBgxkjr29D+mOUz3+jjUVIUHEhSSFJPcQcivjzyI6OZxaUD0qOKlFNk2IgBt1d+1NFS7yJcDSnCWlqUQcAowpCfN8QojJ6K6U0t0tN6DgO25/Sl2euAXHSJbM4ul9LnnHnypCUYwACEkgE9MjJrJm+Di8nVrHeUkD11hc4Wplsuda2qOCVgn1UyLlcmZoaQkktB0FxfKeUD20oTIyZ8ZSDjC+oPoPga+qWy40pBU0UdyhzDArRYmN2iQGHHmyw4ftSiseafvTS+OVNUxvrZtUpUiMUufxrJ5F+0eNbNaCXkM3/lStB8pbzgKByU+Nb9eKFegzSlpy9/U8uZLS60081GV2POQOZzIwB6TVmeF69wd6tf2y23WRKvdugQVykRVNhbLLyVJAS/y9CMZI5vhEJB7sGnGv5jFus7L8p4xorb6e3eCSost9edeBknlTzHoM9K6a8LD9pmbaW2TYnID9mlxWnYT8IpUxIYKR2a0qT0UCnHWuWek3C7nGdrCw46E29ullSkGSHCcytRmAgQN4UJAMSK616KLlFpsolxKJW4pwBW7LuG+Drv3EcakxDCG2Q2lCUtpTyhIGEgd2MeimZq/h+0tqeFMU3ZLRDuT7K0szWoiEuMOFJCXBjGSCQfkp7Vgud0jWWEuTMkMRI7fw3XnA2hPtJ6CvcRw6yumSi9bSpAB84DTvk7vGpOxcusqzNKIPdUD7McI0qzXO4SNZG3TWQwiNEaiPup+CerpI5cdOmOvec0ka110drgprSF9ugt8lPZxYzqkyDLUV8pcj5BKGh1SFnPaK6JBAKqcW+u+8aZbXI8NaZFnWVNJCFke/S0nCkhQ6iIg9FrH8afMSccxqO9v7FN1FrC3yZc1trUWolc0B17lR5CwBymUEnA5uUcjDY7sc2AEpzzhjbeEWbjeDbNtw4D+eSYc7RjRaSkkEkBCZAUYJhvVx5dxy9eWXHlSD9EiU6f3TI9O+pCtWtt0Lpp4tRIaZgjOuRFzWksKdWtB5V9SsJPKcpyEd6T6KTNPcMuotwb95RqxfkFsU4HJTSpAfmXDx5FKSSlCD4+cTjpgeE96a05E0lYIlsgtdlEhNBppOcnA8SfEnvJ8SSa3qspnostLlTL+NXL1wUAHItzM2FRrAygnxJkjzprNG0r7TZbtm0Nk7ylMH1yfjdSVqrQ9o1xo2dp6726JcLJc4q4UqE82Cy8ypPKpsp9GOlc8tyv8AB1dPX7Vj7+l90L/p6xPL5k26ba27k5HB+4Q/2jalJHcOcKVjvUrvrpFTb1FudAs0t2HGS7dbkynmcjRcHsB6XVkhDQ9ayPYal+0dlgrjSXMWSmE6JmQZ5Jy9ok/oiSeApw2R2y2iwNa04E+pvP5wABSe8hQKRH6Uac6jXgj4B9DcCWh5Vs0q1Mm3O7FDl1vE9SVzLgpAPKk8oCUNpyrlbSABzEnJJUZuqI/4a5961AzCiXS0NS3lKDbEeE5LjpISVYckFSOmAcqQggd+TUl6Rv41Vpe33INKZ8vjof7MnPJzJBxnx9tJNl9p8JvyqzwsQluYjLBiJiCSCMyZCglXa3b4btok4m8+rEMUWVuOGSTM928DSBAiQAIGkUo0UUVMajtFFFFFFFFFFFFFFFFFFI2t9vrLuPZjb73bo9wjZ5khwELaV98hYwpCv5ySD66rvvDw83Hbvs1W6Q5qW3yVFDUV7lFyaAGSAroh9I9CglXUdVHrVoaizcR3373IKC6+GrbHDYQh0pSVKwSSB49QO/wqLbR7O2OIIzPJhe4KGivTwI7iCBw1qR4DtBe2C8rKpRvKTqPRxB7wQTx0qnN+28tl+7byLEZSAQ6ytBb7NXilTahltQ8Unp6qh3X+zSYtzdQWo7SFp5+z7PCQr09DkA+kZwa6Aay2osmuUc8yMtuakYbnMOFEpv1c5zzD+aoEeqqScbO50ThRujMfX7smHZVPg2y8x4K3EzUrykfxfMUrSfhpx0OD1SQaoXHtgMUw9zyrC0qWoGQW5n0pBzA96c3eQavLAtvMMv2/JsSUEpIghyCPQoiCP96PAiudXuj8G/6fuFkgLira0wVKdS9nJXLwR2bno5UdUffcyj3jAmj/AAc2WW+KDcdjph/RrSvWeS4s4/4j+WpJh7jbR8YOkZNhdvWn7wuUOxUx24ZkL8UqDK+VZwevm9UnqDSn7lrwrx+DDiy1Xcbhf4irDqXTwtdockkodL/ljTvZrXjkPmIOFEpyemM99i7K9IQubX5rxwFq6Ajtgpz8t4EK5g6HhqYEC2p2D8nfOIYLDtsf0SFZee4mU9+8cdNTA/8AhAm4d72942bHIsN0lWqS9pZhlxxjl5lo7Qq5TzJIxkA/JVVuF7eLVm4/FBt5b77qC4XWGi9svpZfS3yhaQQFeagHIBPj411i9034CtO7/wC5EHVmoZ0iAymG3B512kT2ApHNyjotCm1YJ9IUMeIqtOkeA/b3ZDW1s1Pb76Zsi0vCQ2xGsJireUk5SkuFxXKnOCcDJxjxrdc7b4RZNu4fdLKXRnEFC+JJEHLEEEEGY11iq1cC85HCp70r/lG7f65H7FUs03dB3eLd5d0XGkNPDnbWQlQKkghWMjvHce/0GnF3V2LsY4hzBWFtmQQSCNQRmO6uU+kf/wDY7rxR/wAtNFfM5WlIClrWcJSkZUo+gClLTGkp+sJBTCbAZScOSHOjaPnPqFPtqDYdn4QefWZNwWOiiAXnfUkfcj5++nq4vUoORGquVRy0wxbo6xw5UczWHZG/R9lteMXTVukGr5YpDPZPofityVRckEOoCugWMYIOMgnrnFWC0xxB7F7W3+4an0+/embjcmlJetsRiWhglRCjysK5WEqJHf0AycYyarMhd/3jlZBNvtCVd4zyH6av7BSxeNA6etEKNbhEmz7rJ6R2onM5NlK/mpTnp8mBUexCyZulzcqUCRBCFQCOSgZHqqYYTiVzYt5bNCCkGUqcTKgTpKSIPrnuqU9j+OeBY93NYXXUkGTFt2rJLMhpUZPbqgFpsNJSsDBUC2lOVJHRQPTB6LSuI7aHYjTOpHdvGZ8696jClFJakJabWefl5lPgcraStR5UZJ7vZDulOCzcrWDC3o+nUwWBnl98ZrbKvUnA5jn05ApVPANuQUL5INncdR3tJuPKs+zmQAfy0letMCU7Jfyg5QUhYynLEA+Ec/bS22v9qkMAC1KyCopWWyVpKySopOkTJ4eyBTr2r4lNKaP4M7ho2TcJjOoXbfcI7TbcV3HaOlwt/bEjlGeYdc9KrbcHnZ6FqdddfcKFISp1xS1DI7sqJpz7ibLas2nV/wCkVguFsaKuQSFpDkdR9AdQSjPqzmmwelSXDbO2aLj9srN1iiomQRJ5RwqF4ziN6+lq1vEZCykIAggwN0g8fVVxr9xI7M7j7Z2ewank3CWxDYjl1lMCSkdq23y/CSB3ZPUGmZpTc7ZzaffjTd70l5dAtEeBOauSlR5Tiu0WGgzhK8nwX8Hp3ZqtJkNg/DR+UV8VKaQkkuIwBk9abmdmbdtKm0OuZVTKc3Z7Qg6RE8u+KeLjbi8eWh5xlrOgpIVkObskEDNmmNIPcTVsNK8ZWm9P8VOqb2qbMVpHUUCMgO+SuczchhtISrs8c2DlxJ6fenuqB+IW66d1DvBebnpWQ5Is91dExIWwtksurGXUcqgDjnyodMefjwpWi8H25MyM083phxTbyEuIJmxgSCMjoXMjoe49ayJ4M9zVHA0s6T6BOin/AOpWFkjCbR7rmn0zlCT20wQmACe/Tf7K24k5tBf23k79oopzqWCG1yCokkA/oySY18ajGpD0BxCP7eaGTaItitMiQ0uS41MfTzKQt1C0hfLy9Vo5sA83VKQnA+FTI1PYJmi9QTLVdGDCuFvdLEhlagS2sd4yCQe8dQcHNaSXErGUqBHqNP7zDNygBwZk7/iPGolbXVxZulTRKVDQ6ajXUa7jI8ame28ZEuE/2rumLPIU3JS+ykr5W0pTGSwG1AIyoZCnMgp85Xd0ptyd/lyNuL5p0WK3oReVyXBKSsJdjqdkqfSRyoGQ3zcqU5CegJHhTT0Joe6bm6kRaLFFE+5OtrdSwHkNkpQMqOVkDoCPGn39ZZuj/JKR+mRv3lNblvhVusJcKUnQwVRu3GCafmbvH7xsrZStae0mQiR2ozCQnlHeOFZpfE8xdYstiZo2zLbnc5cUw+WHEqXGcYWpBCCE83bPOdxwtY8EitK6cUAut0srSdJ2dpNglNTklTvaF0IQtAQPMHKTz5Urzslts8o5eqPuLw+6x2lsaLlqOyrtcJ19MZLq5LK8uKCiE4QsnqEq64x0qP1OpaviVcyeV5nGc9Mg1ut7DD3U9YzChzCiRy5xSW7xXFrdXVXMoVoYKADvkb0g76mC+8Ti75KtLh0rYGharj5aQlPnTGyl1K2HVco5kr7UknGebmIHXA2rJxjrk25XPpCzsczkghEV0Mob7VlLRwOyV1CgpweAKyMYxUQCU0D/ABjf9YV62709L1nqVNktbaJVymSVNx2A6hBcOCrGVEAdEnvNZLwmxCCVpAAHM6DjxrBrH8ULgS2slSiNyUkk6AcPDSpiVxaIUhzOi7EouOR3ShTxLPMyeZCijk+FkJJIIyeY487ATb/xLrv+mL9alaatLLF7hOxAUKAVFUt5bgcSQgKUUJUlCQVDzW0Zz3V4HBzuUf8A1YX+nxf3lZRwWbokf5pSP0yN+8pAn5lSZDiNIPn8Ru+lTssbTLBCmXIII/NcDv8Aod9bEjjIl25S5LmlNPSlCY26yhYwhlCWktpSQE5UpJSSF5GA44Medka2neJyVp26y3TYbTOhy7pNuRhSACwkyA1ytgBAwG1NlSSMZ7RXdSdc+DPdKcox06TW2gHJWufF6kegdrmtmPwa7sZw9ouT/TbnRSk/J2uayAwQCAtGv98e9WJO05UCWndDP5s+79+lbEvibdlXiwTPqYsI95HJKlMlOWpSXW+QNkco5UDzVkZPMsFWRnFb8/i+T71Ptu6UtbDakS20+TvJbDSXlJKeUFo+cgJ5UnPcT0FMrdDZLVOy9viy9UWldpYmuKaYUt9pztFJHMQAhRPd6aY7DKro6l95PKynq02fH+caVtYbh76AtsBSRuIUSN54g8yab3sZxe1cU08ooUYkKSAdwjQpkaAffxNSTr3iYTuRp562TNF2m2pucxM1t6HKU35M4hooTyJCPg/BJQTgnmxylWQxK05R7W8xUj/RpU4f2VuU4MWrTCcjIgeJP3k00Xd8/dr6y4VJGkwB38AOdRTxc71p2I0TYrs/ANwgy7y3BloBKVNoW04oKSruCuZIxzdD3ZFPbgt46vrRPIb7pOajVu0OoLg3GvumWHkiZpqZIWEiVEaUQWgtZ89g4QpXVJSVZqKvdArYLptLZQ3pybqyazfG3olqZZceZkOBh7zpCW/PUylJKikEcxwCQCaZvB5H3o1NvDoyzXzRUpnSVwvkCPMMnQ8SPAtcfylvnc5jHSGktpBUF8wKSkEk1yj0t4Y+naxOIWbikOZUDspKgRG5WoA9EnmN09vdArdq7scG7kJKczmYKUEyJ4aE5hwOkHidY/QTPuDFqgPSpLrbEeOhTjrizhKEgZJJ9AFVk3t3lc1O+zNLTfI6Oezw5DSXEx2D/wBtdbUCkuudzSVAhCMqxlQNO3dXWE/VEKFa5zkF+2sz1NSlNOFEW6FbXa28rUCeVh1Xmrwcc6MZwQagl2BedZatkNuMPyLw+6syEOJ7MtqT0Vz5wG0oxg5wlIT6BVQdLm1N4h75ntkkagaAyokBQI5gBQycSvMdChMomUiMxp4w51wulxthup0Rcbk60yY8O4wlCQG1DLKPtDYBykghvJwCMjrS1fXomqNUu6fbut4vU+aqOsqjZlQrLIbVlTiCvCuzB5Unl5QlOepOAEFyZAlIdbtV8tMOYEs2hc+Y8pkpiNMobLjPm9Q6rtOYghXIlKegUTXyXpoSWXbDCfjRYC0qEeJGlsvybo4kHEmUtsqQ2wgeeQohKEjCQVEqqvW7lxLamwOtBOpzFRVoU5c071CQVGYJAbSV6DZHGrIbWbnN6x0ELhcVxoM63lUe6NEltMR5BwoEKwUgjChnwUO+tRW+kSQvtIFk1HdYHNyJmRYJUy4e4cuSCoZ6ZxioMYvtraEiYXXryl1bTUSG6VJjLQw0llEmR1ytSuUqSj0Ecx8K+WyVe9V3t24IuKo70NAW5Mck+StREZ5UgEYCRnoEJHX0d9SO+6Y8QR1VhawtadCUQtSgPpk6pTKRmKRJ3kqbiDMsJ2Vbdt/KbnQHnIHd3meeg5BU6P3X+8kmSXGp8hURPd70218dsfVIkjoj1oayrwJFMZD1113EXHbEW3WOEed1CP8AF4ET+cs9StZ/ncyz4UuxrQqbcWvqi0xIlqez2dxtTalMySe5TgYPI4M95QUq9IJrLrRuY3Z5T0q0RoLek5LTcQMIcVbZhK8KR2a+ijjqVjr3pV1xUJxleI4mXL3EHlFABlELS4QBnIcJTlSMoKsqfyaikhASo5qktmm3tsrLCBm01kFMkwCnWSZMSe0AdZGlKu2G1o1GypMND7FmfHZyro+gtybmjxaYR/omT3FXwlDpnwE3x47cSOhppCW2mkhCEpGAkAYAA9FYbLKM6zxHyhDReZQvkSQUoykHAI7wK2a6k2N2Us8Fswm21UoCVRGm8AJ1ypEnQkqJJK1KUSTWeL4o9eOkuaAcN/pJ4n1DgABpRRRRUwppoooooooooooooooooooqIbksncG9c3eXCB7AR/dUvd9RNr9r3h3JfcWOVqWhLmfURyk/1k0gxDRKVd9K7TziO6vtRTxp8Oek+Kjh8uuj9ZQXJlslOtPsusOdlKgSEq8x9hzB5HE5I6gggkKBBxUrDzk5GCD4jupq7hXFMy2rZbIUhCkAkdxJcSKb1uZBIOtK0pzGDUHcO/udGzHCu81I0loW1e/DHQXm6j3zuee4kPPZ7PP/ALJKBTr1vw2aa1exIDUZNtck5KwykFlZPiWz0H+7j2VIK+rivWTXymDFMNtcSR1d+gODv3jwO8eginjDcTusPc6yycKD3bj4jcfSKhjQW12v7PquHouRFY1doy8ExlpkPYMBsAq7Rt4+ckJwMNrz1xyEGqccfm+tt4Pt652kNYaU1/pmwuFKbTqO4QEOwLqSnKw2plRPKknAyOc4JKE9M9LgeVQOPgkGuR29fuy2otqeJHd7aTeTT1u3m2fY1ZcYDMS4NtG6WhgPq5BHdWOR9CQocrbw5gAAlxOAKa7To7wq9bNveFaynzFFXaQnTsgxqAZICswE1o2hxZV66m4U2lCohWURmOvaImATxgDnTr4PdydPbmwtTTNPXi33hhqTHS6uMvJaJQ4UhYICknoehHgannRNpYvusbfDlILkd5S+dGSOblbWoDp4ZAqBODjQuy9ig6o1DsffXbjprVkqO/Ktr7qu3sT7SHAGFtOfbWSQ4TyqUoHlyhRFWE2y/wCsS1f0nf8AkuV1ZsNhKML2YYsWVEhAXBO/VajwjnXIO2kL2penipH+hFPDcvXLmg4sWBbYzTS3m1KQvlAQwkEDzUjvPX2VoaU2icmSDctRuqfec88sKXzZ/wBYr/ujoP7K0t+v8vW3/UL/AONFOzdz/q4uPUjIaBwe8F5AI/JTqmUoQlGhVvPpitCoW64pzUNxA4bprRla+e1BqGDprSbLUq4z3kxGHMfaW1Hp5oHwgBkkjoAD391XL2I4cbZtDYj0U/c5aAbhcHv+lT1d5ClfcNA/BbT0A78nJqvvucWj7fJ1ubsuO2ZzEaVyOHqUAOJbAT6PNJ7u/NW8iNr1I0HnzyRSSEsJPw8HGVHx9nd7agm118Uu+RNaJG/vP4DgPXwq0+j7DErt/nN+CtR7PJIjh3nieWg4z6VcFSWy3BDbTDfRUgj7WgDwSPE/2VmsqIwaWphZdUo+e4o5Us+nP/gVHHE9Z9TXeyWiLpwyPJ0vOOTWIrnZvOoCPMAwRlIV3pByeneM1T3Uu9GvNl92Zz0a8X22rbU2oxp6nTGeISMpW255pHh0wR4EU24Rs8vEES04kK10Pdz5eqnvaHa9vCHAH2VFOnaHfynfHiK6IXC3R7tBdiymGZMaQkodadQFtuJPeFJPQg+g1RPjj4V2dk3vqg0+2pGm7kpTS2ASfe18gkJBPXs1YPLn4JGO4pqWbl7plp6JpiE7FsN1n3d5hC5DHMliMw6R5yA6clQBzgpScjHsqCt+ONbVu9WkrjZpEe0WyyzGiHYzDJdccAPMnLiySCCAcpCe6pFsvhGMWl0F5cqNygTvHcNTI4GPTBqHbcbQ7O4hZFrPndAlBSNQeRJgQdyhPfEgUoR9NWlFtbddttsAS0FrUqM30HLkknFbuz9t0duHuZZbSymwyRIkBxxDbLaiWm/ti+4fepI+WsMz/NZ3/Y1f8unD7mbpiKNTXvUsxxptFviN2+MXOmXHDzuEexKED/fp4vXQ1ZPXBVBSNPE6D21HsLZL+JW9olIIWdfBOp9lW9XLsbaCpaYKUjqSW09P7K9362x4VtLjMdhpwONgKQ2ARlafGtDXWvrPYtG3SbJnsIjxIy3XFA5ISBk9B30q6nObMr/WN/8AGmqkymJ4V0BmE5Z1qrHFftdFt3EBOvDsOPIjX+2xXPtrKVhL7SnW14yPFHY/kquu8dtj2/VUZqOwxGbVCBKWmwgE9osZ6Dvq9XFRpcX3RkqalOXrOGJAPj2ZU4hY/IQf92qOb3dNZRf9hH/MXVr7JXZfabk6p7PqGnsiqE6QMPTavO5RouFD0nX2zUtcAV0t193YjRJMKAm5RYUj7YI6Eqfbwkc2QO/wNXIXcVafV5KtKni4cRPErP3hPq/ZVEeA+Mp/iSt5bV2byLdMKFeg8qOh9VX9ts9NxjheOVxB5VpPehXiKi22zIbxEBPFIPtNTroyuC9g5UreFkexNQjxyLt2l9jWJd0YjzXBdGlYcaSsuuFtzCUhQ+T2fLVGrJMjL1xBuNyEBiOhxxx1K0oQw2ktqATg9MA4q43ujC1TdmI63xyuMX+Ohts/cJ7F/CvXzen1e2qWkZBB6g9D66l2xVulWGkneSR91V70l3ikY0EgaJSk+J1qUX9U6KCG0tSdMLcfwGxljrnxqQ9h9J2S17u6dkuQbY0WpRUXiwhOCW1jOceuqrNsptNxCXM8jhSllZPRPnDzatjtb01/Yv8Aam/2Upxq26hhYBmUq+6kezV75VdNqUkCFp+8VbdK7JgEe9nyBFfTJXC083ygdu4OzbHpUTgUpo+CPZUdcQWqrhpzR8qfbJKor1ueZQlwISrzlrAV0UCPgn+2qft2VPOJaTvJj110RdXCbdhT6xISCTG/SnyxYYjLKEqjsOLSACtTYKlH0n114tCvI5D0Jf8AojztE+LZ7vyHI+QVRLcfjM1zZtwoaWdQP9haQFPoEVnDpX8IdUd4R3f0qdOvuInXz2mffK06keTJiJ7dtSIsdXbNEZUnBQc5GCPWkVJf6IXgykrSM3efwqFDpDw8lYS2slO/RPs7VOD3VsBOkdEOEApRdXsjGR/E1Us9CaX95t+NVbx6fisakvS7o1DdL0VKmGmylZGCRyIST09NM9ycbqhMdnmSpY+2qIxyDxFWngGGuWVii2dIJE6jdqZ4gVRe1mMs4nijl6wCEqywDE6JA4E8udZLZ/jUl+UfgrPI3/RFbteWmksNJQkYSkYAr1TuTUcFaN6sZvjsJPbIjBl8qL7pIYa5m1IHaKAPIgqKRzkYTnJ6VJnCXrqNuXq93TL4bsEuGw+/JkTZTTkVgsOeennQcKGTgKHQ4z3YptaDkS4+oWvI2S+6scpTzcoAyO/qOlWj4btvLdC1JKdt+jdLs3uzsMSHXW4jCCPKO0UlSV4BKz2as9enSqr2wWE3pnkK6U6M/wD2JH+8r76dLeobdpjQcm1zoLl+uGoYca1221JaU27LjsNlKJC0nzmgtanFpz53KEnoc4Zev9t7pbDCg6gVGiahfiJ8nleUgs3NsYHYPq6BLyMBKVq81YASTkBVP2drKJs1rqRPOnFm7XY9pIW+pwr5fuuzeWVDJPekHwGcDFQvr/eD+EviM1BaEWTUjSVRvL4EiSyH2ZkVtCe1WC2ClpDazjlWfHJIJxXPeN9H11tA47c4q4lJjK2lAlISDoVqIClKMzIyhGoAUCvNadxc2iWkNWyDI1UpW8nkACQEj0k75G6nZt7sXK1NzpahC8S2lcsgJneTwIJ+8ceQFKdd9KGuiPFWTgOLUWzc7TEtuxSDbYbN4hvOssWllTbcqQ1hSWXnHCpx0EDoCQOYp6U69J8Sdl2/22t7F0TDFzbb5UQLS2nCU/cFQGG2lHvKc5Ge4ZwEm/37Xm9aWJ8bTaLNa7UszYrrxIkrWlOU8pVgqzjuCQD6T0qpcYwDAMPslWFg4q4vBGZLIzEJkdYCpIkSmR21ecZCQOyH3B8GuCtN1doCGtYKzlBMaQD52saAEEVGkVhctxtphtx1bmAhDaCpSvUAOpp3saX96tMSrfNkswXVuNTrotQ7Q29lBKWWylPe8tbhPID0AGSOtaWo579rmJu1nkSIELUDRcKY7hb7JeftzBIwcJX1A+9UmtHSfv1Fdcl2ePOeBSWnVMxVPtOJPehY5SlQPiDmqOsW7eyuiw4hTqiCJSNMihopIBBUFpIntI7CiBCiFps14uPNBaSEgRv5g7iYgQe46gHdIK7pq7zWA+zo+A/EbbH+MXGQ4kuAffKUSGWQfQAVfzjW1px9kakCLhqtV0lz2nYimE9s9FdU4hSUoceWQMFZT1SkgEDr41heku6uiQ4Vx09qJLkQEIYtbHYR3TkkqLKmylKznqoegdK3LVYCjUURiBa4aL1HyYdvad8pVFWSP8Zmvd3mYylseOOg7jL7FLpWyWT1iEqTAIcSkGQSlDSAlOfeIKlqdOoSQSQ1PlICwvskg6ykmOZUZMcZASE891Srw/TvKdrbfHUHUv20rhPpc70uIUQR7O7Hop6Uj6C0e1obS8a3NuKfW3lbzyvhPuqPMtZ9qiaWK7C2Xs7i0we1tbr84htCT4hIETxjidxqpsSebdu3XWvNUokek0UUUU+0hooooooooooooooopH1/f3NMaLuc9r+Nix1rb9SsYB/KRSa9u27W3cuXfNQCo+AEmtjLSnXEtp3kgD00ma03lsmh5KmH3H5UpHw2YrfaKR7SSAD6s59VR/r3d/TevIrKm3n7fcIqiEtzG+z7ZJ70hQJHMMZAJBIBxmkWw2ePqjQGrLei+XWx6hmxFiHPt60C4JPKSSwV4BcKu8BSScjzk94Zu8eoZd82f0+nUjMJrWUeGpu6+TOBfLhYSyFqC3B2pSEqUkOL5FFQC1DCjR2I7dYqMH/pD1zPVlUdRHaIzZY6zNPWAdrzIjWIqa22C2vlnkGReYCc86bp82PN4b5nSneHSWxhZKCMjCvNI/ZUP8UnG5tXwpOW63691jb7Hcrq8ypmAltyVLS12iSX3GmkqW2yACedQAPhzVF/uhG5G9+w3BJbtebM2F28Ny23mtQT22/LJGlm2lKQqYzE5SXArlJK+oZwVFCh5yeFd917cNbX2ZervOmXm6XV0yZU+VJVIfmOK71rcUSVE+nPs6Va2CsIv7Vq9BhDiUqHOFAEeG+o9ePFhxTP0kkg+jSv026C3CsO6+ko2oNL3u1aisU3qxcLbKRJjuermSThXpScKHiBSuBk4HUmvzU7AcVuu+FjWPv7t9qO56bnrI8oQy4FxJwH3MhhQLbyf6ScjwIrs9wNcZWpeN/hkt+rr8xCscpc2Va5kS087bElxgpBd5lErSlYUD2YVgHIyRW27w5TPaBkVizcheka1YXcHcliCzIgQFpfkoSryl1LiUNREgEq53D5qcDJJ8BnpXLe/wC22jt/N/tY6y0JBtd+uGrJ0m4sXW4IKWD2TaW3DFCwQlta21KQ4RlfMFdEkVJPGrvTcOKLfu08L+3c4wI1xe5dd3iKcJt0JGFyIySOgCG+rp8Vqbb+/pI9zB0c1vLqPezVOnLYpdtlanZtOnIqSeztVvjReySE581CVMCNzq8SjxNM+M4A9f2qGEOlAzpKwJBUjUFMjnvHh6pDs5tAzhl05cLaDisiggkAhK9CFQeUQeOvoOpwU6S1Bo97W0fUGnpFjeVMiditchh9uYkNu5UhTSj0SSB52D53dVkNsv8ArEtX9J3/AJLlYNU7fM7dyG4yXA/KfCnJLw6BagQAEjwSBkDxPU1qWG8u6cvkaey2265GKiELJAVzJKT3epVdLbE4U3Y7NsWNuISlKgBM71KO8+NcgdJmLu3u2dzf3RlSlNkmI3NoG4dwpzb9f5etv+oX/wAaKdm7n/Vzcf8A8H/nN1HW4WsEa1lQ5CY7kVUdtSHEqUFDqpJyD8hqQd0pTU7bK4OsOtvNnscLQoKSftzfiKc1NqR1KVCDP8aZEOoc8oUgyCP+mnRwXa5b29l2y4PnliKkyI8k/etrcIKv90hJ9gNXQ05c2GNLx3y6hTK8qQpJ5g4CokcuO/PhiqDbKj/0Ha/2l7/mGvWwHFxqDZ2+JtzkxN0sEZcgt258F1bSio4SyR5ycnPm9U9e4VGMf2fcvnVvW/nJmRzE/fU42T2tZwu3btrsHIuII+iYG/uPdu5Gav8AR2XZk1E18CO2ylQbbPwsHvKj4dPCsMa3Rr+J6ZLDMyFIcGEPNhbawEgHooYIzUB6T90M0hqiV2epYF808pC+Usrj+UMJI+/KPPz6igYqZNAb8aM3NdSxYNR2m4PkdI6Hgh/GPi1YX/ZUHucIvrXtOtKSBxjT1jT21aFltDhd92Ld9KieEif3Tr7Ka2v+CbbnXyHVGwt2eW518otSvJVJP9Afaz8qTVO+KPhau/Ds+XHHvfSwzgtEW4JRyFK+UnsnU9yV4BII6KAOMEEDo5TR3327i7rbQ6gsUpsLTOhOBo46tupSVNrHrCwk074HtPd2r6UurKmyYIJmBzE7o5bjUe2p2HsL62W5bthDwBIKREnkQNDPPePZVNphxpV7PQeRq/5ZqxnBLoB/bXh00692TinL02bnLa71Avec2R7GwgEVTbbi+aj3O1hZNONzGkpvchqEsCMjzG19HD3Z6I5j8ldLbZbmbRbo8SOgNx4zaWmkDuSlIAA+QAU67YKXbtItVfSOY+jQfefVTB0dNtXb7l8iYQMonmqCfUAPXUP8Y28EHQ20S48tqYwb5IRCT9pySnqteMH71OP96nBsvuS1u9svY50RuS4p9tDTjim8DtGlhC89ehygn5RSZxM8Lf1yMqzl7UUi0R7Ol3kZbiJeDi3OXKySodwTgD1mljhw2IVw96LlWRN5evMd6YqW2pyOlks8yUhSRgnIJTn2k1HnDY/NSUJX+WzSRB3HTfEbgDvqYMpxT5+ccW3/AOnKAkKkTIgzEzvKhup23e0NX9dzgvjLMyElhYx9youg/trnBxAWx6ybiJhSAUvw4xYcB++S84k/2iulUy3uPPl1mQqOtSQlRCArmAJI7/aaoZx/6Jk6X38XJec7WPeYKJLCwgJ5SCUOp6d55gFf74p62FuIvFMniJ9X/Y+yo10p2s4am5A3EA+B/wC4j01n9z80q7dt941xdBRBYhym0g/9oUQjP+6MfKauvFSq2S5D7BU8wwvkcA+6T/eU/sOKpZwH6nulx37tlsVMQ3BRbpYS21HbRygJTjBAz41e6LEbhxktNpwhIxj00m226z5wBc/RHqk0t6Mi18zkNbgszPOE1BXug2lDrDY2IqIpPlTVzZeZOejuG3fNPqIPyHFUPQrmBylSFJJSpKhgpI6EH1g1eb3QSbN0bslBetsssc97ZQEKaS4lILbxOMj0iqPz5z11nuypCm1vvEFakNpbCiOmSB0zUw2G6wWGvmyfXpVddKPVHFtPPCU+Ea1qzWESWORY5klSfk84VZnacOxtwrA2rLjZlNgK8U9PGq1KTzD0EEEVLXDFri8aj4gNJQJkxtyK/OwtAjoSSA2tQ6gZ7wKeMetluW61J3BKvuqPbJ3jTN42he9S0R6xXQiZLTAgLeV1CE5A9J8B+Wk2bYIEnTC2rvGYmME9u+h5oOJK882eXrkg4/JSlNheXRko5igpIUDgHqPUaYu/G5SdkNu3tQ3FEy8Ro0hhsxmezaUorcCQckYwCckVR1s0466ltkdokAePCuoLt9li3W9cGEJBJnXQb9K937aPRmobU7Fd0lbVhzBSHLWkpCgcpJGPSBWbTGz+lYLBgq0zZGuwSFNIENGEtq7kjp9ycj1DFQn9lAtH8kLz+lsVry/dL7PJeQ6jSl8ZeQkpC0yo56HGQQfYKkn9HsciMiv3h+NQ3+l2y8z1iP3D7tVE13pORYNby2Wk9nGeUp6K4R5rTZUfMSPSk5HsxWGJDRCa5UZ69So96j6TSrqDVVx1Stsz323wwpSm8MIQpHN3jKR7PyUn1ctv1gbCXN4rm67LSnlKZ3GiiiittJ6cm1n+djf9H/vCrr8PSIkS43h5ptInvxIKX185JUhIf7PpnAxlfcOufVVJtsQo6pbweXzepxkgZHdVj+E+5G68Te6cMS5SFQbDplSUpdyEc6LgScHoe8dDVPbePZMRbSfpED7Clf8ATXUfRLZl/Z15wf7MFXrdbR/11MG4uxdl3W15pW+3xy5TEaQ8sdhWzyjlt7smS0GfKnWwMreaaLqGiVYR27igOblUmCOJLSLmy1/ZlxbpLctao6npUBqYEyJEALT2p7POVKbUUkLKeVXQHr0q0cJ9b6FodCQ8yrs18vwT0BCh6iCD6uo8KirfjYPScTTeutYRNL21rVuoYbTdwvLcTmmTGmUpQlpTpyQ0lAPmAhOcnHMSaiVxbM3LK7a4SFIWClQO4giCKmrTq2lpdbMKSZB5EVIWze1mjLRp223nT8NmW3Ojokx5z57Z5aFgKSoE9E9D3JAp+nAFUN2b90z294QOGW0WLWd57fVEaTLiWmysedLlx23SEuHPRDQUSjmP3uACRios3C91v13u1Kca07ftLaNhOZDbEZ9p2YpPgFOvA+d/RQioBiuOYRssz5LbWyoH0WWiQO8kAJHfKp461M8C2YxHaN3rXLltE6ZnnQCfBOqz6Exwmr86k2QmG+yV2hdlNsnvCU5EuMVT6Ir+CC40kdMkHqD09oxhQGxMeey2bnfL7LfQMJLMjyRlsehDTYCUj1Vye1DxObiy1PP3LcHWPKyCtxar0+htsDqT5qgkADr06UhcNfGvu/bbLOvjG4usnI11uj8y3NXGeqchuLkJbAQ/zgJPKVBOMed66o+z212SKbi+ew9zqwoApK5TmUSYSiQmRClAHzdQIGlW7d9EOPIeYsmb5suLSpUhJEJSEiSoAmCSlMxrIma7Aq2AtjzZbeu+p5DJ6Fpy6OFCh6CKc+ltGWvRUDya1wmIbROVcg85Z9KlHqT7TVAtm/djL/pR9pncSxx73agQHbpaUCPLjjxWtlR7NwenlKCPQavFstvvpDiI0U1qHReoLZqK0uLLSnobwWWHAAVNOJ+E24MjKFAKGR061b+w19sliRN3gTaA6BrKYcSOWsmOeUkVVG2ey+0WBqDGMA5FHRQMoUfRx7lAHup3UUUVZVQKiiiiiiiiiiiiiiiiiiitPUNka1JYpkB/PYzGVMrI7wFDGR6xW5RWp9lDzamnRKVAgjmDoRWSFqQoKSYIqnO5Qk7d3pdv1Ey9GW2SGnVMksSk/ftrAwc+jvHcQKacOLc94b5Hs+noLsnKgfNHmJ8OdxQ6IQPX/acCr2T7dHukYsyWGZDKu9DqAtJ+Q9K8220RbOx2USNHitZzyMtpQnPsArnpXyfrY4gXk3Z6qZgplccs0x6Sn0VPht451GQtDPznTxiPZPppI2w0I1troC1WNlZdFuYCFOd3aLJKlq9WVFRx66pZxz/4PxsVxXz7jqW1NydqNWSeaRKudgQ2mBJX3qdkQl/aVHoSVtlpZJJUo1bbf/iFsfDzpL3xuvbypUjmRCgRhzSJiwOuB9ygZHMs9E5HeSAaUbl8f2otzCuPdLBZTbCrKYC3HVNEeHOD0WfWRj1CrPxjbTBdnUow8qhSEgBIBOUAQkKIBjSO+NYrXs7sFjWPg3jDf5MnVRIEmdcoJE/dOkzXM7df3DfUukL9KjaW3o2U1fHYcU2hT9yk2h5QB7yFNOs/keIqYTuPdfcnfc27XpeXetGTd1NS3a5qtcex3xm7N25txwEz3FNjAS2gJ5QrGXFJGMJVVjdacU+j9G6SuF71NomxNWq1sF+S7HKW1JQPBI5eqicBIz1JArmpttGb90E4313bUsd2y6RckGZNhxAp4Wy2tk9jCQepKlnCCrxK3VY8KQbObYP4q27d3S2vJmtVKAcSZ4Dtwk98HlzFO+02xbOFuNWVu26Ll3zUktrBHE/k5V4Ap56mDVv+FfhSXwTe5BbocRuqpzrGttwLCs2hlzBlMsy19hC53FHPO+8+JKwBzEdnk5SRVjfcCNuzpH3KZm4ts5+qjU11nBxKPOcbacTERkjvA8nVj2mm9E2k0Pdo4SddIhRsAJiqiEJSB3AjA7vRWjr3bXR1m012MXcEtMtpPK1HYW2hOevQA47/AFUgY6S7jPPkrep3i6Zpwc6MbYJ//LdEcDaPU9d921N6ob5kqTlK+8Y8RTGpj7M263W5++pt96evSVPNc6nCr7UeVWAM+nv+SnxXX+weIG9wG3ulJCSoK0CgsCFqHnJ0O7h4cK4L6V7BNltZeWqVFQSUalJQTLaD5qtRv4+PGjvrwuSLfGdHaqZZdwFoCiErwQQMePUA18lSkw2StWT4ADvUfACsUWEpxwPSMKd+5T3paHoHr9dS4pB31XoUR5pq1nueMfT+utK3W3T7FDmXS0SzJR5Qs9o9Hd6hQQTy+asKSenin01ajQ+g7Xou2Ibg2q3W5fXm8mjIazkk9eUCuau1m6ty2Y1zC1BaXmkSohKVtuq+1yWlfDaWPvVDHrBAI6ir/bFcVekN+oDSbZco8a8cgL9qkOpTJaPjyjP2xP8AOTkd2cHpVUbY4RdNvqum5U0rU7zlPGe47xw4VfnRxtDYvWqbF4JS+jQaAFQ4QeJA0I36TziJeKf3Px3c3WszVGk5zESfcj2s6DJdW0067gAuNrSDyqUAMpIwT1yMmor0d7nfuarU8Jb0q2WZmM+h3ytc3t3GeVQPM2EAK5xjp1HXvIq++aMimu12wxFhgW4IIAgEiSB8c5p8vujrB7q6N2pKkkmSEmATxO6RPcRXxIwAM59fppv7tayj7e7Z329Slpbat0J17r90rlIQketSikD1mtnWuv7LtzZV3G+3SFaoaM/bJDgRzEeCR3qPqAJNUg4seLWXxBXqPp+xx3omlGXO07R3zHJzqe5x0fcNJ70pPXPnKwcAJcBwN6/fSYhsGVK4QN48fjdS/avai2wq1UMwLyhCUjfJ3EjgBvn0DWlH3Nzb5WoN4Zd7eQSzpuBhKsdBIfyhP5EJd/KKvNUGcBO3TOlNkGLgkKKr9JXN7QgpU8gfa2z/AEcJJSPQrPjUlb26/TtftLqG/k4XbYTjjPT4TpHK2PlWUj5aUbS3Kr/FlIb1ghA+7/VNI9i7JGFYAhx7SQXFekT7EgVqSuIvQUKU6y7rLTLbrK1NrQq4tAoUkkEEZ7wQRWxYt99F6mu8e327Ven5s6UrkZYYntrcdVgnCUg5JwD+SuYY5vu1Faz1Uo96j4n5TSlo7VT2hdXWq9x/46zy2pqR6ezWFEfKAR8tStzo/YyHI6c0abt9QJrpbui4nrGEhMidTMcfTFdVqrl7pLt/7/bTW7UDSCp7T00JdIHcw/hCs+xwNH8tWFtdzZvFtjy46+0jym0vNLHctKgCD+QikjdLRDO5W3N7sLwHJdoTsYFXchSknlV8isH5KgGEXhs71t86ZTr4bj7Jq28fw8Yjhj1qNc6dPHen2gVR/wBz/wD/ALTNu/8Ad0z/AIUVf+qB8A8V6FxQQmJCFNyGIM5p1BGChaQlKh8hBFX2ktKKg42SHE+B7lD0f/3Ui271xFMfoD7zUO6K9MHVP6w/cmo84ptipPEJt3FskW4sWtyPcG5pddZLqSEocTy4BHU8/fnwqAfsYN5/lfa/1c5+8q4bEgSG+YAgjoQR1SfRWTPtpnw/aO/smuot1wmZ3A/eKkeLbHYViVx5TeNlS4AnMoaDuBAqnH2MG8/yvtf6uc/eVHHD9pheiOMuyWVx5Ely0Xt+Ep1KSlLpbQ6kqAPUA47q6HZqhOgRj3QtXQ/52T/2v1LcEx28v2LpF0qQG1EaAcDyFV7tNsthuFXVi5YoylTqQe0TxHMmr7J7hUe8T20M7fHaSVp+3SokKU/IjvB2SFFsBt1KyPN65IFSCD0Hf+SvufbVeW1wth1LzfnJII8RVwXlo1dW67Z4SlYIPgRBqlH2MvV38otNfm3/AJqPsZerv5Raa/Nv/NV18+2jPtqTf01xX9IfuioT/VngP6Cv3lfjXObiA4V7zw72y2Srpc7XPRdH1sNpiJcBQUp5iTzDuxUYVcT3T7/NLSH+3v8A/JqndWXs5fPXlgi4fMqM924kVSm2WFW+HYq5aWohCcsSZ3pBOp7zRRRRT5UWpc27eRH1OytZKU93N9ynqO8+A9Z6VdLh40xZrNKul8ZZYZu9zix2p8grwXGmgQ1zZOAACce0+nrzg3pvUzT1otMuBKkQpTVxSUOsrKFD7Wv8o9R6Grze52boMbtbdSVzYUNu+2dTbMp1tkJTISoEtugdyT0UCB0BGRjOKoDbXaeyO1BwN0Q6EpUgnUHskkDkoCfETrwrqzovwy6TskL9pXYKlJUBppmETzEgemNONWAsUJuMmS62hbaJbxdSlROcYxk56jJyceAIqvnFnsjoXU2qZ+rZ9tmv3+3MtK8qTfLgy0HmwEtf4u2+lg8oxkFshXXmz1qdNa6vFgjFljK5rvRJxkNes+v0CqN8TOv7tpi5aptkrXAu9ivL4mR2ZNvZZc04lKSJKPKWyO3jpGFI7RHaJWop515ACdI1qTk1FLzLMxiHKU00Xn0vvhZQOYIdfWtIz34x1x66QtaO6etNqU/fG7aIp83/ABllK+c/epSQSo+oDNJszWV93Akk6dtws1pwltmfcmz2haSAlPZsdCegBysgde6mzuC7Y9lbQ7fLxNfuN2SjrPmHtXWsnASygealSj0SlAz66432pebuMdfvnXDmWvsNt6uHXKkEjRBIA0OZYO9FdibMIcZwJixYaTlQiVuu6NJ0zLIB7SwCTqMqFDc5UN7g7W/Vtfr/AHGGpWhNKFACmZLqy3clI5ftjzBWENNZTjAwpQ76xWTfS/ajRarRFiWaxuTytiNeZCHRb5YQcDyVtSUkqI7kqUB06Zpy2fRFw3SnM3jV7JZgIUHbfYFHLbP3rkn4x3x5T5qfWc1g1/Mc3ilTNI2diKu3xVpbutzfaDjUNQ69kwnuU+PT3I9vSm1eMs3r3kuIJS6G5UpUyhgRlkqMl9U5ZCiUqIDbYIKSFbeBP2DHleGrUyXYSlEZXLgzmACBAt0RmgpAWkKLjpBCgcGpdB6UsQTI15qV28SFjmCLrODLB/oRkEJx8hp5cIvGFaOEbdhNz24vGnIyZSkJnWptaY7F4ZB6NupwMqGTyr6qQT0yCQWPtppeBtpuBIsd4hRpVxuJVJtd7fR2j9xQOqmlrVkh1A8BgFPXFOnc3Sdr1Kwy1cbdBnMrSpJS+wlfo7jjI7/A02vY35BdtoNw+oQFIWhSUNxwKGQCmAQQRmTqClQSQQHmzwI4haOuJtrdBkocbWla3J4pceKgqSCCFZFiCFJKgQT3O2C3zsfEZtXa9WafdUuFcUeey5gPQ3k9HGXAO5aFdD4EYIyCCXlXID3GDeO6cN/E0jQgucqZt9uElTDUKW6XFWS5toKmHG1nJLTqErZUnvCux64Brr+DkV1xshtCzjOGIu21hR3KgR2hzT9EnfEkCdCoQTyFtls49guKOWbrZQnemTMpPJQjMAZEwCY1SkykFFFFSeorRRRRRRRRRRRRRRRRRRRRRXxXwTRRXNL3VbWbWouKxNsdkSI6dPWaNGQtscwbddUt5ZUAc9Uqb6p69B0NV0eul6s7IdRcZTkYnCXm5CnGj6snuPqUAfVT2419TnV/FnuBMKuYIvDkNJzkcrCUsD/l1GkK5P2x0uMOqaUoYVjqFj0KB6KHqINfPfbTFDd4/eXE6FxcEcgYHsAr6NbF4SLTZ6yt4GjSJBGklIKvDUnn4VEvGbqmdrXTdv05OKpMGU6XlqW2pKA+Eq8nCi0AtzKgoBvPVSkk9E5Dg4R9L27Zzbku2u1tNu39SJklUta3XuiAlKOYEYSPOIT1wVnqe+qt8WOp5evuKW4xIDy4SkOxbOyIzi2kpVhIUQAennuKPT0dKvHG0C/pmFGgI8jbZisNtsgy2hlsJASRlQOCAD1q1dtbh7B9iMLwhgnO/wDlVnidAoA+lYH+AcqqbYhljGducUxd8DKx+SbHAQSklP7hP+M86Wkbjn7u3Rj/AEHnE/tJpG17uBHetCgbc4k4PVMrP7UV6GnJR7hGPslsn/vUia80xPFoURGWsY+4Ulf7CapS0vLzrU6n1f8AarwurWy6pWo/eP40tcJl3buzWqFNtONckmPkLWFZyhz0AVL9QrwcQnoTGq0vNOtEyY2AtBTnzHPTUzyXvJ4zjn3iSqvq90IKUvYfD1L3kL/5q6+MfyiUpT0i4mEbpb/5DVaLnbXC5FTXIG2MpC1DICvEgeJrP71Jc/jnn3j6CrlT+QVktzHk8FpPjy5PtPU1mq1SeVUqBWui1Rm+5hv2kZ/bQ89GtykKIQhxJy2EJ88H0jHUH114VLcnLKIxCUA4U8RkD1J9JrLFgNxCSkFS1fCWrqpXy1740eFO2w8RW41jYS1btW3+DHQMJS9MU/yj1JXzAVt3XiW3LuUJxDmv9ScxHQtvNxxn2toSf7aYsmaUO9iykOPd5GfNQPSTWS36dXd5SULJkuHJPMeVtsDqSfAAeJNI1WNpOdTSZ55R+FOKMVv46tDy45BSo9U0OTTry6IkT5cm43B0EremynHnEAfCJWskhI6nOcYrJLat7kJcO3LzHV/HPNrIMkj1eCB4Dx7z4AZ2pcK23T3vaS772vFLkl1kAOyQCAoI5ugSB1SD3nBPgBI6dgNB6jhtTIV81k2l5IW263Hhg4Py/wBhqHbZ9Imz+yjbT2PvFltwkIOVagSBMEpSQDGoBiQCRMGJHsxsXi+0C3GsIQHXECVdpIIB00zESOBI7hx1Y1h3Z1VbraiE1qfUMduAAwhpq5PIQhIHmhKQrAGPAV7vG4+odQ29cS4agvk+I4QVsSbg662og5BKVKIOD1p4u8MWlFSC6nUut0qUkJViHCwrHj8KsL/C1pl0ebqrXCT/ALFC+lVef2kujIKzDEEz/wDG5/LqbDoS27KchtzHLrE+9Ud849I/LRzJPiKfp4UtO46au1uP/wAjC+nXk8KNhH/rhrX9Xwvp1t/tNdG31kP8t3+XWj+obbP9l+2j3qQom6+qLfEajx9UahYYYQG2mm7m+hDaQMBKQFYAA6ACsg3j1cDkat1MCP8A72kfTpXPCjZP5Y6zz/7uh/vK8HhQs+f88dYfq6H+8pOflJdGB34gn/Kd/l0qHQnt4BAYV/mI9+mvb9V3K0XldxiXOfFuLnOVymZK231c/wAPKwQo83j16+NKn8MWrf5W6m/Wz/06UVcJ9qJ6ay1aPbbYh/8AqV4VwnW0nprPVQ9tsifvayV8pXowVqrEUn/6nv5dYI6ENukCEW5Hg4j3617fvbquDIUpep9RvtuDlcQbq+Coeo83RQ8D/dWW5boasioQ8zq/U70R7PZue+r4OR3pUOfooeI+XuNfTwmwPDWmp/ltcX97WzbOGSJa+1SdX6ikxnxh5hdtjAL9BBDvmqHgfy5BIrSr5SPReDmTiCf8p7+VSlHQvt4U5FsK7j1iNPt7qShvHq0H/O3U362f+nSQxqKdFvfvm1cJjdyDpe8rRIUl/tDnK+cHm5jk9c56mnNJ4R4iGkuNa11Etlz4KjbI3mn70/bO8f8AjpWA8KDPhrO/fLbI/wC9pQr5SfRkySg4gkf/AFPfytRSU9CG3TgCjbkxu/KN6fbrX/hi1b/K3U362f8Ap0fwxat/lbqb9bSPp1l+tQb/AJaXz9Vsfva8nhQB/wDXS8/qtn97Wn+0p0W/WCf8l7+VW3+pPb79nV/mt/zK8fwxat/lbqb9bSPp0fwxat/lbqb9bSPp19PCcc9NZ3XHrtjX72vJ4T3M9NZXP5bY1+9o/tK9Fn1gn/Jf/lV7/Ult/wDs5/zW/wCZWjf9cXnVbLTd1vV1ujbCiptMyY4+lskYJSFqOCR6KTOcekflpfVwnv8A3Osp/wAtsb/eV5VwoywPN1jM+W2o/eVtT8p3owSMqcTAH/wv/wAqk7nQRtytWZdpJ73GvfpC5x6R+WjnHpH5aWlcKM/HTWMn5bcn95QjhQnlfn6xkcvqtyc/8yvT8qHoyAn5z/4Nx/KrAdAm237H/wARr36iviAUDpe29R/lFP8Ay11PPB1vVE4b9tZU+5L8lXqop8lUVJSotsgjmTn0lZ6gHoM1o23hS064qKu9uz9QmI8H0NSlhuOVgEAltAHMOp6KJHqqyHD05oqBOnnVbFhPZIaEDy+OhwNgc3MEZBCR8Hux3CuYsc6WsA2j6UbS9wpwm3ykFaxkGjLg0zQdTG8DwM10vshsjiWz2wrlhiSQlzNMAg6FaSNRp6iarPvHxSQ4mpXdbQlXW2eXwEaZckLkvIgTyX1SGkEFP2ySD2vKWkhZQtwElPVLCuQF9WXZh8sddUlxbjiMBXL1QlKOoShJ6gdTnqevdaX3U9uybq7IaSY0sqJeJFi1CJaIltAWqOkw5LRc7NPcB2nLnHTnqsHvVMjR2y9Cms+YCQuOtOOnsrX0q9Ilw7cnBsNcAZygqUkyVzPZkfRAiQN8kHTfcXRDsjhSrUYzeqSt0qIQgkdkJjtFP6RMxO4AEa7teTIbhx3HXVpbbbSVrWo4CQBkkn0VXx62yN2N05GqbqhQtFud5NPw19xASAZix98rryA/BHXvOalLcguav1BB0m12iGZafK7ooAgpjJV0b9riunsBpE1HMjG/SQ04whsOFttIUkDCQBgD1Y7qpfEXVYbhyVt/nngYPFDeoMclL1E8ETwXpeuGNJxbFFIc/MMESOC3dCAeaW9DG4uRxb1ZO7up5lqtES1WlfJfNRP+Qw19/k4xl18+ptAJ9pTS1o/SULQ2m4trt7ZRGio5QT1W4o9VLUfFSjkk+k017K4jVW/V4lqW2tnS8Fq3MDmBCX3/ALa6fbyBtPy0+wc9xB+Wo7i6jaWjOGo0kJcX3qWJR6EtlMDgpS+dSTBUeWXr+KuawpTTf91KDlX4FTgVJ4pSjlTe3P0N9XulXIzLnk1yjLEq3SR0VGko6oUD6M9D6QTSJY9cfV/o62TnGvJ5g7Rmax4x5DZCHEfIoHHqIp+8p9BqIC4nTe/l8tyPNh6hipujAHcJDR7N/HtHKo0qwY+WWLtmvVTMuI8NA4nwIhfdkMecaTY2nyLEmb5vRL0NOeOpaV4hUt9/WJnzRT10pqqToXVNsvkJZbmWWYzcGFg4KVsuJcB/Kmu+lmujV7tMaYwSpiW0h5snxSpIUP7DX5+JnWE/621f8JrvdtBFcgbU6ZYeBDrNpiNrz38wZQD/AG1fnQG8vNeNfR7B9PaHt/hVBfKGYR1di99KXB6OwfZ/GnFRRRXR1cyUVo6m1HE0hp6ddJ7nZQ7ewuQ8v0JSCTj0np0Hia3qhPj/ANUOac4dJrTS+VV1lsQzjvIyXD/Y3WSEyoCg1B073UPUd11NPiWq06fZRHWpbTclp51ZbHeOdLiQpSR1OAB0OM99a119051la21E2zSji2QA6hEd8qSSehI7boPD249NVU07aZkK8RLtygspl83KcguI5+VePAjBNZExlMahmxFqUsq7eOVHvURzFJ/KlJpwDKOVYSas2z7q3rCNKivvab05JhLXl1trtmnSAfOQlRWoBWCMEgjqOlXb0Dre37k6Ltd/tTpet13jIlMKIwrlUM4I8FDuI8CDXH+Oe2tEgeLa23R6s5Sf2p/sroN7lvq5y/8ADa7bnXCs2G7yIraT9y2sIfSPZl1X5K03DSQmU16DVkaYvEnxEaX4U9ktQa+1jPTAsOnYxkPEYLshfc2w0n7t1xZShCfFSgKYnGx7o3tPwCaR98Nf6kZYukhsuW+wwimRd7p3/wAUwCCE5BBcWUtp8VCuD/Gt7oruZ7rVxD6dtJt0uFpmPc0rsGj7YpUnsQklTkp9SQO3fSyFlThAQ0gL5QkcylIVqCEFxW4CfVW5psuLDad5MeurHak1E9rDUdxu8lssyLtKenOtlXMW1uuKcKc+OCrGfVWmkZWB6SKMhwlQIKVHIOfCtW9TPeyzTJJOBHYccz6OVBP91fM9SlvuydVKPtJr6ggIYZgaBI9gFUg2nB3H4vIMlWFiZf5E8+I5UKddH/Cmuh+oH7NcJjL8py6NPOxWVFDTTako+1jAyVZ7v21z64GIvvjv5BfOCqNbZUg+OCUJT/36vdqgBN+kIGMMlLQ9iUJT/dV7dPLwaxhiyRGVplAA/wAS/wCAFUJ0B25ewh+9WSFuvLM92Vv+JNKtg0xbNW3li3WxnUM+dKVyssMx2lrcOMnA5vQCc03NxNOWlixF1Tt4itlxbAcft/2suI+EjmBwVDxHeKlnhT1VB26vUq8yY5lzpsuHYreylYSoKkOZdcyc9EoSn28wHjXvjGsAsO2N3QNUNP2aTe3ZdqtSWmw55SZDqZZJA5whvw64JUc+AqkrS4/LJBSPbVk4jjLrV+bHUJOUBXMnzohJ3SnfA0WZ00ijg/isRY+qQxLTKQZMbubUgp8xzvB/u9FS5ef8lv8A9H++oa4Lv+jas/2mL/wO1NM1nyiG62O9aCB7cV9Z+g0g7DYed2i/+auvkH8owEdI2KCZ1b/5DVZR3D2VpuKN1dU2glMZBwtQ73D6B6q8GWqfGYZaVhbyAXFD7hPcfl8K3WmksNJQgBKUjAFWxuqk99fUIS0gJSAlKRgAdwrDPlKZSlDQBedOED0ekn1Cs5IAyTgDvrFp+3u3qYp1Ccqd6Iz0DbY8SfAeJrGQBJr0Ak5RWay2ZTq0sMDnWrKlrUce1Sj4Ct2dObZjKiRCSwcdq9jBkkfsQPAePefAAnzmmIxhwzlk/wAc7jBkEfsQPAePea0a1AFZzK3UoJDYyp38T/AfxPwdWf5kyIv/ANoUH2EU+NotWmxzzbpC/wDFZSstE/6Nw+HsV+320xrr/wBm/wBen++t6NGcmSENNIUt11QShKe8k91Q/pF2LwvarZ64wbF4DS0k59JbUnVLgJgAoOp1AKZSeyTT/sZtNfYBjDOJ4dqtJAy69sHQoMb827dIMEagVPoORXxWSk46k9B7a1bFHkRbRHbluh+QhsBxYGOY+JracICFZGRju9NfD29YQxcOMoWHEpUQFJnKoAxmTIBg7xIBg6gHSvqdaPKeZQ6tBQVAEpMSkkTBgkSNxgkcjU3X7aTTy7C0u2WpsmG7B8rMh9+PNaStxIc7VpYwrmB7hy4647hWbUO3mhmNawLQ3Gtrc9V2QwIsWa86txgtkqDyT/FnxGD9716kVo33RV6Vp161uawu8m82a2N3pUJaf8WCUnKUBeeYqSU9CrIyB09Hu6bOGFr61SF33Uhulzktlu4qhthvnU2pRwvPwglB6YrqG4sZUPJsGb1UyFZhbgAZ3ApKYUSHJhMKUdQM8JKU1W7b5A/KXityyILmuiSCZGqd50G46SZNfDt7pqbq64Nt2eGuPZIEub5PEkSf8dWhQSltZWARjv8AMJ6qHh3pU3Q1nuOh9S3RjTs61Sm7XCkw2JK1ENOuKcSpTXnEqQrCQOcZyD0FOFGi7petYOtL1NrTy6xxVSmi7FbQ8oKWUfahnCkq5D39+BXiw7d3DULt3ljUeri+5dGbdJSYzSniUIQtK3BzYCEKWfgnAHXHWtL2AeUKKEYYntl4CEWw1LSkAiFEgtK+gFQSOs8/Ss0X3VgFVydMh1Lh+kDG7UKHEidcu6jVmwtrsMjSITblJb98mbddFF1RE4LbSe0+F5o5wU9MHr7KincSxJ07rm8RWYzsaGzOeajJUlQTyJWQAkq7wBjrk1u6lvl40Pq69QI19kyOWf2r0htQAkupIIcI64UD34PQj1Ul6i1nd9X9j76XKXcPJ+bsu2XzdnzYzjp44H5KqnbXGcBukvW1pZm2eSsaANkDIOrKc6SNIAVoCCuSZnOZRg1nfNFDjrocQU75UDr2gYM66xqRpG7dSZXxauRBPoGa+15f/iF/0TVYEwJqSjfT517spddqdOs3WbJt0uJNdQypllS+ZWUqUD1SACAk4Pr9Gax3PZK4W+Pp19MyCtrUz7bEb4YUyXEhQ7QY6dD1xmpT4tVBOz1rUSAkTWsk9w+0uV81kpcSzbTFCEla5cNC0q6c32lOPYQfGum8Z6N8DZxO9sEpUEMN26kSokguuBKpPEEEwOB1FVvabQ3q7Zl8kStTgOg1ypken76aauDvUgBxcbGT4ec79CmVctrblYNdMWC6OQ7ZIkkdnIeWTHWDkJIUBkgqHL3ZyeuKsFuarTLGrrHd73fpdokW7mWzHQ6W0P4UkkLABJGcDGeoNRVu1uAxu9u3YWrClLqYjqGI7rwU2mQ4pxK+vTmCPNAzjPU9K1dIXR/sphCFN2vZuEutpS313WKdSrKVZkAZ29CY11gfpCssAx3FLshTurZQolWTKEkTEHcrd8QaSv4ALgLnJjqvFiQiPJbgdup1wNrlL7mB5uecDBPTHnDv64SNO7V3G/Xe7RHXYdsTYzyzn5SyGmVc5QE5SDkkg48MVJEFd+j6wukaRH0pPZemN37LlwdTHtskr7JrKwgElSkjCSnB78jNMq17hPaS1BqqHqWC7MF5fxcW2HQ0tt5twqyk9Ry5yMejHX0xLFtnNm7R1hbza2myt1KirPl7IX1YUYJAKggSiVZeszQpOjpa4hiLqFpQpKlAJIjLOuXMQJ3xO/ScsaHVKY2surmv5GnFiOxMh8y5Dy1nsGWkp5i6VY+Bgjw+6ApurCUrUErDiQSErAICx4EZ69e+pu1DFkaravJkPR7HcL7ETdb28tJeNrtyAEsx8JwStYTzKHTuI9FRjqPbO5WDX6dOJDc2a+tsR1N+ah8LGUq6/B6Zznuwaj+1uxfkCUrw5pS21OKAUd/bJ6pvJ52bKmVEpH5Qqb0U2RS/CsY68kXCgFBIMcNAMyp3RJ0E+bCtyhTeop7HYO9G6x4zcqyvNyEvkSm5ZVHQpk4cQpXLkKT7MdD16ViGy033rfne/elRCYdLAke+J7N1wNhwpQrkwTg93pBpgVsTjiZzWyhHPTcAqdeEEGd0Ea6il4xmyMQ4Pgx94PqpnVjVcve6Sk8pVzg9yseivaTzJB7sjNaN1UA+11Hcr+6kGzrikX7ak79f9Jps2w/9oe/w/wCpNbx1OD3tOf168O6j7ROAznP3ysikvBr6lBUoAd5OBVmG9eIgn7qo0iqoe6S75LjyLbtta9Sy7BOvEduXdFQ7ZIfffZeWUR4wdbGEhwpUpQSSojkBwFdZS4UOCPSnC1pJEG5Wu133Vajm6XR2Ol/LwPVtnnGUNIPQYAKiCpWScCNzrJGpuLWE6Jbi4k3UrUaKcjrydEJSfAfaiRj1mrSlZcJUSSVdSfTVs7cgYFhFhgtqnIpxsOu81KVpCucEK00AgaaCNbSpVmHDdWWLttpSUHnWtO2AKkL53im3MpU4rGMqwnJOOmT4Vr/wM6VvUlZOnrKmMzlK1CM2ntFAZIBIwkADKlHokekkA7VvnKgqcKQVFaCkAenwpxLDdnsj6lqIahuiKCkAla08qlkA9CS6od/TzEZyBiqrUtDyRKRPHTlup0Zxa+aENPLT4KI+40ybvw9aCui0NK03Bikp80x3Uw1KB+6AWvnV6irlz4AVXXiy9zzXZ5dh1loV6W+nTTryrrapZKnzFcb5HFsq7yUHkUptWTggpUoEZs3P3DVa9TM2qLFthcUA5ML7IfAJTz8nnHK1cpHMtRJyogAYp2Q57cqx+Vx2UtpjqP8Ai/MVpRypKi2CepQpHOADkgOAdeUVnbL8mcLjQAJSobuCklJ9YJ8KerHbXGrdxBVcrWhKkqyqWpSTkUlY0JMapGo1rnhsBtg/vXvXpTSsdKlm/XNiO6UjPIxzczy/YlpKz8ld3G0BDYCQEpAwABgAeFU19zy4KIu3O9+s9wn0sqhiQ5A040CCWW3Alb7pH3JyQ2nx5QvwUKuZXTvQxs8uwwhV48IU+QR/ujRPrknwIqRdLu2Vvjt8wmzMttoB/wASwFKHoASk/wB4Giiiirhqo6Kr5xDahkaQtS3dc2axXSxKuChEdmOuPNlRCijDafgkJB8PT1qwdQzx5aOd1fw8T+xTzOW2SzMHp6EoP9i63MrhUc68NU939v8AprU7trOmrRarU2kcjiLe0ttp0nqk4UBk4OOnqFRLdUhO5swDuTcHQfYFKz/ZTr0Jb/fDVMTteYMQ1+UPc3+jSjzj7O6mMxcg/c7hc3lJbSlt+UoqOACvKU//ADOAU41hWvbv8ny/9S3/AMxFPnYv3S/bjgean2TWmqk2KdenxPix1xpbqHm0N8ilkstqAwQB5xB6d2KjNepWYVmkuIQp1tb7cZtQOO0KUlavkHmflFVR4/dLa12a3Q203Vk6eZXp6XDROslxulrROs70lqW/zMvJcBaUrKUq7NzBUkpUnOMjW4uBXorrxtXs9tXxt2R7ce1bD6B1SxqF3tlX2/aZXFk3gkZ7ZK5iEuvN+heCg/ckipF274PrLtDdpk/Smxu2Wmp1wiLgSZNsiR4zr8deOdlSk4PIrAynODjrXMHT/wDhSu88O0sNTdvNr7lIbQEqkMuzoqXcDv7MOLA+RWK3f/Knd3fxXbb/AKxn0lUsqEFIitgJBkHWunKeFeEkAfwM7e4HTo2z89JmsOHezaesMyRP2P0bLhNR3HH24tuTLWpsJJUA2glSyRkcqQSrOACTiubH/lT27v4rtt/1jPrNp7/CGd9OJzXNm0va7DpHRLLri35861uPSJHYIRkgF8FKeuB0GSVDqBkGMYwxhmHWLt+u1bIaSVGEImE6mJIG7v8ACTpUowa7xbEr5rD0XSwXVBIla4lRgTEnf3eMCTVwtm9IbL6j1I79SHDZaoFxbiFSnjtncrV9pKkgp7R+O2k5PL5oOemcdDUsN7M2m5LLp2LsKlLOVKctHIo+3mIqpB47d1rcyyJOvdSOvutJdUloREJbCuqR1ZUSeXBPd3ivn1/u5/8ALjVX9eF//Hqmrzpw2buHesftCT/ebQo+vPV12fQdtNbtdWxeJA/uuOJHqCPbxq3DuytngKC/4C7ElSDzAt2nmKSPEcqic+yo73t0hpW02J1yTsjDjqIUVO/UrMVk9585KDnr1qEIHHfujcJBaTrvVDWELcUtRhqCAlJUSR5OM93dkd9V64gvdt94di91LTbkXY6wixmUy7nb560stvBZISyVNNgpJSCebvGU4p02b2/wjHcQRY4XYpzmTJZbgARJP5ROgn0nQa02bR7AYzgNgvEMUvzlECA87KiZgD8krfB7hvOlTHpObYZdzuybHp+Np4NuoEhpm3vQ+1JCuUlLiUk4Ge7uzS33VGXDVx6yOPGHfbnL0i7pKRpx9iMts3Izm5PbIWvmQS2hSQns8EEHvFSbXb2x7XV4Owjs6BXmpyp85W5Mqj1nXWvnJ0mPh7aa6dGbUo85WZX5tG9UCfUNNK0oLSYM95rAHa/bEH0jxHyGt2sM2J5U2MK5HEHmQr70/NWWypcvMnydKAmSkZWknASB3qz9745qTKOkmoKkEnKK8PQ3rotuIwPtklXKTnAQgdVKJ8ABSjMmMxYnkUI/4uAA47jBkEfsQPAeNa8q4NGU9FhnMdlIQ69jBkLPU+xA8B495rFWqCrU7q3khsFKd/E/wH8T8EooorZWitWeeeZER/PLh9gFSltRon3vYFzlJw+8n7Skjq2g+PtP7Paai2Ksv3N18dEsDs0nwz3k/spURr+9XGQOzuctMds9VggdqfQOndVP9Nexm0+1eBfMOz1y3bod0eUsrClI/QTlSrRR88kgkDLqlSqsbox2mwPAMV+dsYYW8pv82lOWAr9I5lDVP0dDqc28Cp2yPSK+KwpJBxgjBqFfq4vH4Rlf1h81H1cXj8Iyv6w+auMv7EW1H7fb/wDF/l10x/akwL9je+x79Wdn763i4adehLZtqZUiELc9cUtES3Y4z5hVnHieuPH09a15e8FymbhQtRqZiCVBShLbAK+wPKhSASM5zhR7qrV9XF4/CMr+sPmo+ri8fhGV/WHzVJXvkqdIbpQXcZZOUoUJLuikElJ/NbwVEydSTJmm1HyjdlkTlw90SCD5m5UAjz92g04cKsjpTdSZpa53eT5JAuAvaC3IZmc62+UrUspA5s4yojBpQhb73G0Npbt9utFtZRcUXINRkLQjnS2GyjHN8FQHXxyTVXvq4vH4Rlf1h81H1cXj8Iyv6w+ai1+Sn0hWzaWmMXYSEkkR1kjMSTB6qdSSd++h35R2y7iipdg6SYnzOGg0zxuqdb5dffy9TJpZYjGY8p5TTOQ22VHJCQe4ZyflrVyPSKhT6uLx+EZX9YfNR9XF4/CMr+sPmqPPfIo2rdcU65iFuSokn87vOp/2dOCPlRYClISmzegf7nv1NeR6RXxWFJIOMEYNQr9XF4/CMr+sPmo+ri8fhGV/WHzVr/sRbU/t9v8A8X+XWX9qTAv2N77Hv1cPSfFbKtOnWLdd7NGvKY6Etpd7bs1LCfg86SlQJ6DqMeykLWW/1w1rrSzXSREYZjWOQmRHhtuHCiFAnmWR1JwBnGAPCqs/VxePwjK/rD5qPq4vH4Rlf1h81Tu8+Tf0n3VmiwuMbYU2jLAhUnIQU5ldTmVlIkBRInUzTGz8oHZBp4vt4c6FGeKeOhgdZAkcgKs9uzvMvdG6QpKraiEiK0tpxoSO1DwUoHOeVOCMdPbTesdz+pe/QLowgSm4zwdQFLU3kj7klJylQ9I/tqAvq4vH4Rlf1h81Z7duLd4LquebJeYc6ONlQHMPSDjooeBpkxL5JO2+IXqsTv8AE7db8hQXCwZTEaBoJjQaRv14mV1r8pHZthoWzNk8lGoiU7j35yeNWrf4hvK5oQ/ZjItQjtsmO9cXHJC1Nu9shanynmOFeBHd4002taIlbhKv9ygtT+0lqmORQ52ba1ZylOSFeaDjpjrj11Aly1Nd4qUPM3SU9Eez2bmQDnxSoY6KHiP7q1Pq4vH4Rlf1h81br/5K/SBiBbXdYrbLyKCkylUAjdp1MFIkwggpEqhPaM4NfKK2YtsyW7B4SIOqdx7+s3nTUamBroKsrp/diTA1Nep9zjN3dnUTK49wjqdUz2iFdwSoZKeUdB07vy18u+7U657nM6oQzHYkRVtliPkqbQhCeUIJ7zkE5PTv8KrX9XF4/CMr+sPmo+ri8fhGV/WHzVr/ALJ/SB1Cbc4sxlS51o/OTnBKgrN1WYwpSlAEkBSiqJJNe/2kNmM5c8gdkpy/QjLAERnjcAN0wAN1WwZ4hDbJrBttlbt8RgS3Aymapay/I6qd5ynoEknCcePf3Uiq3ju6tDyLQZUnyibMXKlze38+UhTQbLSk47sAdc+HdVafq4vH4Rlf1h81fF61u6x1uUv5F4/YKWv/ACXekZ+Uu4ywEkEQkLSACEpMJS0kDsoSBEQJAjMqdKPlE7Ko1Th7pOh1KTqCTqSsneSePsFTDeL7C09BVJnSmIkdvvW6sJHs9Z9Q60hWLWB1RJckxHXWooHK2ChB5x98QpJxn9gFQvrW03TWohtxmZt0lIkhwhJLi0pwRnqe7JFTPtRtVqiJpsOOacvqW0pyV+QuKSPlAIqltsOhK52JvzblarhYSk50tlKRm3gaqmN0kjwFShjpMXtVhweaa6lsqIgnMTl3SYEc418TSum4Oj4Xk7n9OK1/ckVGvEVvt/B7YXIMFi3++s1tbSVhtSVMcyccwCVABSQc9QRnl6Vp7u8TNq0O0/CtTiLldk5QezOWo6h0PMr0j0VFu1m1F1351H7+X15xqylfM7IUeQy8HPZM5+59K+4depNPmx+xgaSMf2j/ACVo3rCh2nDvCUpOpB+1uHEhtW59FO+q2zd50aI4y9pLc8H2rfZr3DulwUco7RDxLLZBIIICHFq5sEZV6q6fvNwm1qRiehSCUkZbX3f1aoT7rlw8oSdO7i2dhDUe3Qk2C4iOABFbSsqiu9O4JKlN58PMqznCBxBRuJLYu03wOoN5htogXtgHzo8xCQFKI+9cADiT4hRHeDSvpIxEbQWNrtJbp7PabWN+QgykGOeuveOYoaGXs1LEKZGhT2neymvdksLAUhtCFEHIyQtRxkDuT+SlSSFTdtCvPMtmc4t318xaVn9p+SkMgjwNLejLk22t+BIKexmgcvN8ELGQAfUoEj8lVE2sZo3TpW6tC23J9Wtrmh5bCszlBsuMNEJbcQC115c4wodc+HfSlty64NOK7cFLqn20uoUOUoWjlS4CPDqrFYrjpxESYgSBHV2aezbW+txl1KMk8hUkYcSDnHeRk9EnIpchMSblIYjobekPucrDDISpKnCQoIQlKiVJThS8FfnKKisgJRmlKQpxyBqT6Trw/Cip64So64+1znPnz5hxnx5WmkH/AOZKqlCkTbnSQ0Noq32sqS45Hby8tPct1RKlqHqKicerFLddxbL4e5Y4RbWjvnIQkHxjUeg0hUZJNFFFFP1Y0VqX2yRtSWWXb5jQeiTWVMPIP3aFDBH5DW3RRRVS9f8Audd+vFrukKyaptEBFxJbMp+A4p/sj3ghKwnnI6EjA8cDOBHB9x41KixqhI11ZsyFpckuqtzxU5yZ5EDz+iRkq9JOPQKv3RW3r1868gVQhj3G67zptvjzdc29q0RVYcTGtznlC0qOXFAqXyhasAAkYSAnocdbsW3a7T9t26i6SFpgyNORIbcBMCQyl5hbKEgBC0KBCu4ZyDk9aX6KxU4pW+iKgq7+5h8Ot8nLkydj9qlvOHKlDTERGfkSgCtb7FZw3fiM2r/+G430an6isZr2oA+xWcN34jNrP/hyN9Got1J7h9tQvcq6ah0slOiE3MBPkVntcVpmOnlSFIR5oIQSkK5fSTV0aKasYwWzxRjyW/RnRMxJE+MESO46U74Ljt9hFx5Xh68jkRMJMcdMwMHTeNap79iHspA5tb3pwpATzOWqCtRAGBklGT0A76PsQ1j/AJa3b9TwP3dXCoqKf1XbLfsg/eX71S7+tjav9rP7jfuVTt/3IGxyI62jri+tocGF9lbITZWM5wSlAOMgdPVSntX7jHsXoyddbhqbR9k3EvF2UjtJmobZHkFpKBgBCeXAJ6ZUckgAdB0q2NFOeEbDYHhdyLuwtwhwAiQVbjw1JFNWM7fY9itqbK/uM7ZIMZUDUcZCQfb3VTffn3OC0aUnWxGzO3OkdMQ323VXZNpZj21MlwFAZKwMc5SkuAHw5j6aYH1he6P4Bh/rNj6VTrx4XLcCDftMjRa9WIZXHkmX7ztuqSVBbXJz8gPXHNjPrqB2L1vs+6lHlG5qMnqpbclKU+skpwBXQOz718nDmw060E66KmfOO+CP/Fcr7XW2Frxh43DD6lkpkoy5T2UxEpJ3Rx3zXs8Bu6CRlVjhISO9RubGAPT31sXTgR3KkQhFiWKOlo4LkgXJhLj57/vuiAe5J7+8+AGO5al3sUymPGc3PcabVzKfVHlcz6vVlPRA8B3nvPgBq+/++3x26P5iV9GnUP4muCXmfte9TCbTBG5SLe4nxT7tYYfANuxAUpKtPQnkrUVlxN1YCsn0gqrcHAZuiR/kGGP/ANTY+lWH3/32+O3R/MSvo0e/++3x26P5iV9GtvlGJ/rmfte9WkWeCfs9z60e5Wb6wvdH8Aw/1mx9KsM3gO3WTHUGdPQ1OEYB99I4CfX8Kj3/AN9vjt0fzEr6NHv/AL7fHbo/mJX0aA/if65n7XvUeR4J+z3PrR7la0X3PfdRUdCH7HCDSR/FIujHnH0qPN1reTwFbopSALBCAHQAXNjp/bWL3/32+O3R/MSvo0e/++3x26P5iV9Gg3GJn/bM/a96vBZ4IP8A+a59aPcrN9YXuj+AYf6zY+lR9YXuj+AYf6zY+lWH3/32+O3R/MSvo0e/++3x26P5iV9GvOvxP9cz9r3q98kwT9mufWj3azfWF7o/gGH+s2PpUfWF7o/gGH+s2PpVh9/99vjt0fzEr6NHv/vt8duj+YlfRo6/E/1zP2veo8kwT9mufWj3azfWF7o/gGH+s2PpUfWF7o/gGH+s2PpVh9/99vjt0fzEr6NHv/vt8duj+YlfRo6/E/1zP2veo8kwT9mufWj3azfWF7o/gGH+s2PpUfWF7o/gGH+s2PpVh9/99vjt0fzEr6NHv/vt8duj+YlfRo6/E/1zP2veo8kwT9mufWj3azfWF7o/gGH+s2PpUfWF7o/gGH+s2PpVh9/99vjt0fzEr6NHv/vt8duj+YlfRo6/E/1zP2veo8kwT9mufWj3azfWF7o/gGH+s2PpUfWF7o/gGH+s2PpVh9/99vjt0fzEr6NHv/vt8duj+YlfRo6/E/1zP2veo8kwT9mufWj3azfWF7o/gGH+s2PpUfWF7o/gGH+s2PpVh9/99vjt0fzEr6NHv/vt8duj+YlfRo6/E/1zP2veo8kwT9mufWj3a37dwO7pQFLSrT0N6O9gPMm6MALHgQc9FDwP91YZPAZuUZCxGs0R5oHoVXFhKk+pQ5uhHq6eitb3/wB9vjt0fzEr6NZYGp98ocouODc6Q2tPI4gsSgVD1Hl6KHgf2jIrAvYmCVB5n7XvVtFtgigEKt7jx7On2d1ffrC90fwDD/WbH0qPrC90fwDD/WbH0q+z7xvgy4FR5u50hhYylQZkhaf5qk8vmqHo/JkVg9/99vjt0fzEr6NZJucSIkPM+pXvVgqywVJg21z60e7Wb6wvdH8Aw/1mx9Kj6wvdH8Aw/wBZsfSrD7/77fHbo/mJX0aPf/fb47dH8xK+jXvX4n+uZ+171Y+SYJ+zXPrR7tNPe3gc4irZp2CvQNoVGu6pqUvuRbxCaWGORRPnOqAA5gnu6180X7m9xM7owBF1xrH3tiEDtGrhqR+aCPH7Sx9rJ9qh7asnwO3Tcmbupckaxc1ku2i1LLQu7byWe27ZrHLzgDm5eb14zVp6rnaa5uPLSHlJUqBqmY9pNXXsM3bJwpKbVC0pzK0XGbf3ACOWlVK2D9yE0BtnKYn6rlSdc3BkhaWZLQj25Cu/+ISSXMHwcWoH72rVt2SG1EajoiRksMIDbbYaSENpAwEgYwAB0AFbVFRdzt+frUxpC1DtdpnVtrkwbrp6x3OFMbLT8eXAaeaeQehSpKkkKB9BqA9H+5C7D7Z6qTetJaWuukZ5fS6+bRqO4x2pbYVzeTuNdsW1Mk/ccuBkgYFWZopIuwtloU2ttJSreCAQfEca9k1Hly4WND3AHls5jKUc5YlOt49g5sf2U3btwUaclJPklyvMQnwUtt5I+Qpz/bUy0VHbrYPZ64/OWbY/3UhJ9aYNZBaudQnE4R50LlbTq91ccdMLt6VLA9AVz/8Aj0U+dttj7Ptu/wCVNF6dcSCnyqRy8zYPwghKQEoz4kDJ8SaedFY4VsFgOHPi5tLcBY3ElSo7xmJg941oLijoTRRRRUvrCiiiiiiiiiiiiiiiiiiiiiiiiiiiiiiiiiiiiiiiiiiiiiiiivi1BCCpRwB1Jz3VroQZ6gtYIZHVCT3q9Z/uFZXoyZCk8xJSk55fAn11koooxRj20UUUUY9tGPbRRRRRj20Y9tFFFFGPbRj20UUUUY9tGPbRRRRRj20Y9tFFFFGPbRj20UUUUY9tGPbRRRRRj20Y9tFFFFGPbRj20UUUUY9tGPbRRRRRj20Y9tFaGpdVWvRdpM+8XKBaYCXWmDJmSEMMhx1xLTSOdZA5luLQhIzlSlpAySBRRWxIjqC+1a6OAYIJ6LHoPz17jvpkoyMgg4IPek+g1krGYyTIDgJSrGDjuUPXRRWTHtox7aKKKKMYooooooorAxc40mc/FbkMOSYoSXmkuArZCslJUnvGcHGe/BrPRRRRRRRRRRRRRRRRRRRRRRWBi5xpM5+K3IYckxQkvNJcBWyFZKSpPeM4OM9+DWeiiiiiiiiiiiiiiiiiiiiiiiiiiiiiiiiiiiiiiiiiiiiiiiiiiiiiiiiiiiiiiiiiiiiiiiiiiiiiiiiiiiiiiiiiiiiiiiiiiiiiiiiiqW7/AHELuLpLVXEFfbRuC7GY2fu9kTZdKItkBxm7iVAt7iokha2lSVJkPPONtFpba0uLPnuJCW03SqMrdwg6BY3pvu4E+wWy/aovNzj3diZdIEaU7ZH2YceGkwnC32jOW4zalYWSVEnIGACioB3R3m1NtPrrfjUOm5cNFz0zr7Trcaxs2uN2+tUvWW3IVai4lovKfd7Ylp7JU0tprmUI6HEUnaJ3D1Nuvuzw36un7r3yLC1VYtR6gucO0twmrYC09BkG2LQ9FU4oMNqcirUvlkAR3FAsuFyrfK2t0wrVHv2dOWE3rywXHy829ryryoRjED/acvN2ojEs8+ebsiUZ5elaMvYXQ1wMUv6L0m+YN6VqSN2lojq8nuillxU9GUebKKyVF4eeSSebNFFVh2K4jtwNwdUa+tOn9WXa8tXfbONrLRdy1vAtcJpuTJXMQxICICUOIt7nLHXySkeUJCFZPXFNzUmvdWbmaX2xsz+4+7mk9W2TdlrTGqDObsCZ8GQ7ZXpaGeePCVCkMcrsdbR7MhQkDtE9olIbtlYeFrbHSsZ9m17c6EtrMmNKhvNxbBEZS6xK5PKWlBLYBQ92aO0Sei+RPMDgVka4Ztt2drVaGRt9ohGiludsrT6bFFFrUvnC+YxuTsubnAVnlzkA99FFVv07xNa/cuem9aOaneuCdS7oXbQbmgEwYaWYcWJJuMdC23A35X5YluE3KcU46potrcCWkpKFhpaq1tqndj3NCx7m6g1xcdY3PXUjSV5XpqLFtsW32aQvUFtW5CilLSH+ZlavJ1GVIc89BKuQ5AudD2V0bbty5OtI+ktMsaxmMiPIvrdrYTc32gAAhcgJ7VScADBVjAHopOjcM+28K9Xq5M7f6IauOo32pV2lIsUVL10eaeS+04+sI5nVoeQhxKlklK0hQwQDRRTP4Ot8Xt0dkoep9Uakhm96iu8iO9aHW24Z0xMCyg2IJUhDq345bUlZdytxwOLSEtqbQiIYvEjr1nhv3o3oVqyTMumh5GrINv0AiFCFstyrW9KZjCSoMmct9TcduSvEhKVIf81sJ5VGz8vZTRs++OXN/SWmHrk9c2b25LctbCn1z2WuxZllZTzF9tr7Wl3POlHmggdK8N7HaKZ3Mf1qjR+lkaylMeSvX4WpgXN1nlCezVJ5O1KOUAcpVjAAooqpW+e/u5uxi9RaWsm5y9ZS3rPpe9Q9STrRbnFWl2fqFi3uNlqM00y5FkMLcU0lQ7UBp7DyiUqRs3vdzdPbvVevVO7nXa923bfdLSOlY8aXZrYh28w7y5YUy0THGo6OjYujvYGOlhSCgdqp8dBaHTPDdt3orTMyy2bQOi7TZrjMbuEuBCskZiNKktuJdbfW2hASpxDiELSsgqCkJIIIBpWnbWaYua7iqTpywyFXifFus8u29pZmzIpZMaS7lPnvMmNH7NxWVI7BrlI5E4KK1t1dfXXbyxR5do0TqfXch6QGVwrG/bmX2EFKj2qjOlRmygFIThKyvK0+bjJG7t7qmdrTSMW5XLTd60jNkFYctV2diOzIvKtSRzqiPvsHmACxyOq81QzyqykLVFFFV14c9EWrQHGrxBM6eslqtCJkTT89xmHFRFblSnW563Xl8gAU4tZJUs5Uokkkmoa4LLbBsV54YNRWNtka43M0pcp25UlAHll5eTEYclvzj8Jbse6qbYSpzqz2y2klKSUm2ukOF7bPb7cKXq6wbd6Fseq56nlyr1b7DFjXGSp1XM6VvobDiitRyolR5j1OaV9KbOaR0Jq29X+x6V03Zr7qRwO3a4wbYzHl3RYJIU+6hIW6cknKye80UVWbhJ2PsPCVxfvaL+pvbG56g1bpy8aoj6xsenkWy/eS++sYuw7irndW8lxctktvBxCV+RuAtgoBpa4XNrNL3fiInbkbW2CzaW2/Zsk6wl23NJjjcCeZbCjcXEp/jGoxjPNNSXMuPGU+oHsg2t6etutj9FbPybm9pLSGl9LPXt7yi4uWi1MQVT3ck87paSkuKypRyrJ84+mkParhD2m2K1Mu9aI2v270beXY6oi59j03Dt0lbKlJUpouMtpUUFSEEpzglKTjoKKKqV7nBIlacuuzGo7/AGDbu8ar3n0zPm3W/QLWtvVMGawll6YJ8xxxSpLRfWppTQQymK4GWUhaQCJB4eeF7aq+cZWo9daC240RpmFtQ9K09En2ezx4L95vj7STcHFutoClNx2lpjJySC69M5gS02RZPSuzGjtCawvOobHpPTVmv+ol9pdbnBtbEeZc1ZzzPuoSFunPXKyetKmmdH2nRUJ+NZrXbrRGlS357zUKMiOh2Q+4p155QQAC444ta1qPVSlKUSSSaKKov7nBIlacuuzGo7/YNu7xqvefTM+bdb9Ata29UwZrCWXpgnzHHFKktF9amlNBDKYrgZZSFpAIlrhV2q0reuI6XuPtjYrPpPbxqzTbCt+2spY+r+cqYwpVxcSn+NbjGM801Jcy48ZT6geyDa3p60rsxo7QmsLzqGx6T01Zr/qJfaXW5wbWxHmXNWc8z7qEhbpz1ysnrSBtVwh7TbFamXetEbX7d6NvLsdURc+x6bh26StlSkqU0XGW0qKCpCCU5wSlJx0FFFR5w06Gs2g+N7f1iyWa2WWNNj6envtwYjcZEiQ6iet15YQAFOLWSpSzlSickk1YemLpDhe2z2+3Cl6usG3ehbHquep5cq9W+wxY1xkqdVzOlb6Gw4orUcqJUeY9Tmn1RRRRRRRRX//Z\" data-filename=\"105267621.jpg\" style=\"width: 450px;\"><br></p><h2 class=\"section-title\" dir=\"ltr\" style=\"font-family: lato, helvetica, roboto, arial, &quot;noto sans cjk tc&quot;, &quot;noto sans tc&quot;, &quot;pingfang tc&quot;, &quot;pingfang sc&quot;, &quot;source han sans tc&quot;, &quot;droid sans&quot;, &quot;microsoft jhenghei&quot;, 微軟正黑體, &quot;microsoft yahei&quot;, &quot;hiragino sans gb&quot;, &quot;sans-serif&quot;; -webkit-font-smoothing: antialiased; text-size-adjust: none; min-width: 0px; min-height: 0px; margin: 18px 0px; font-size: 2.25rem; line-height: normal; color: rgb(51, 51, 51); letter-spacing: 0.5px;\"><span class=\"bold\" style=\"-webkit-font-smoothing: antialiased; text-size-adjust: none; min-width: 0px; min-height: 0px;\">簡單省事，流程不用重新建置</span></h2><p dir=\"ltr\" style=\"-webkit-font-smoothing: antialiased; text-size-adjust: none; min-width: 0px; min-height: 0px; margin-top: 18px; margin-bottom: 18px; line-height: 1.75em;\">GOSU PARTY 模組讓工作更高效率！不論是「數隻小瑪莉」、「品牌抽獎模組」或是「電子集章模組」，</p><p dir=\"ltr\" style=\"-webkit-font-smoothing: antialiased; text-size-adjust: none; min-width: 0px; min-height: 0px; margin-top: 18px; margin-bottom: 18px; line-height: 1.75em;\"><span class=\"bold\" style=\"-webkit-font-smoothing: antialiased; text-size-adjust: none; min-width: 0px; min-height: 0px;\"><span style=\"-webkit-font-smoothing: antialiased; text-size-adjust: none; min-width: 0px; min-height: 0px;\">GOSU PARTY 內的全方案都只需要編輯模組內文案與更換素材</span></span>，不用再耗費大量時間建置聊天機器人流程。</p><p dir=\"ltr\" style=\"-webkit-font-smoothing: antialiased; text-size-adjust: none; min-width: 0px; min-height: 0px; margin-top: 18px; margin-bottom: 18px; line-height: 1.75em;\">搭配行銷活動應用，設計出充滿創意的互動企劃，解決靈感枯竭、遇到瓶頸的窘境。</p>',NULL),(12,NULL,'https://www.netflix.com/browse','串接測試','<p>test 123456</p>',NULL),(15,NULL,'https://ec.elifemall.com.tw/','全國電子大促銷','<p style=\"border: 0px solid rgb(227, 227, 227); --tw-border-spacing-x: 0; --tw-border-spacing-y: 0; --tw-translate-x: 0; --tw-translate-y: 0; --tw-rotate: 0; --tw-skew-x: 0; --tw-skew-y: 0; --tw-scale-x: 1; --tw-scale-y: 1; --tw-pan-x: ; --tw-pan-y: ; --tw-pinch-zoom: ; --tw-scroll-snap-strictness: proximity; --tw-gradient-from-position: ; --tw-gradient-via-position: ; --tw-gradient-to-position: ; --tw-ordinal: ; --tw-slashed-zero: ; --tw-numeric-figure: ; --tw-numeric-spacing: ; --tw-numeric-fraction: ; --tw-ring-inset: ; --tw-ring-offset-width: 0px; --tw-ring-offset-color: #fff; --tw-ring-color: rgba(69,89,164,.5); --tw-ring-offset-shadow: 0 0 transparent; --tw-ring-shadow: 0 0 transparent; --tw-shadow: 0 0 transparent; --tw-shadow-colored: 0 0 transparent; --tw-blur: ; --tw-brightness: ; --tw-contrast: ; --tw-grayscale: ; --tw-hue-rotate: ; --tw-invert: ; --tw-saturate: ; --tw-sepia: ; --tw-drop-shadow: ; --tw-backdrop-blur: ; --tw-backdrop-brightness: ; --tw-backdrop-contrast: ; --tw-backdrop-grayscale: ; --tw-backdrop-hue-rotate: ; --tw-backdrop-invert: ; --tw-backdrop-opacity: ; --tw-backdrop-saturate: ; --tw-backdrop-sepia: ; --tw-contain-size: ; --tw-contain-layout: ; --tw-contain-paint: ; --tw-contain-style: ; margin-right: 0px; margin-bottom: 1.25em; margin-left: 0px;\">? 換季大促！迎接舒適生活 ?</p><p style=\"border: 0px solid rgb(227, 227, 227); --tw-border-spacing-x: 0; --tw-border-spacing-y: 0; --tw-translate-x: 0; --tw-translate-y: 0; --tw-rotate: 0; --tw-skew-x: 0; --tw-skew-y: 0; --tw-scale-x: 1; --tw-scale-y: 1; --tw-pan-x: ; --tw-pan-y: ; --tw-pinch-zoom: ; --tw-scroll-snap-strictness: proximity; --tw-gradient-from-position: ; --tw-gradient-via-position: ; --tw-gradient-to-position: ; --tw-ordinal: ; --tw-slashed-zero: ; --tw-numeric-figure: ; --tw-numeric-spacing: ; --tw-numeric-fraction: ; --tw-ring-inset: ; --tw-ring-offset-width: 0px; --tw-ring-offset-color: #fff; --tw-ring-color: rgba(69,89,164,.5); --tw-ring-offset-shadow: 0 0 transparent; --tw-ring-shadow: 0 0 transparent; --tw-shadow: 0 0 transparent; --tw-shadow-colored: 0 0 transparent; --tw-blur: ; --tw-brightness: ; --tw-contrast: ; --tw-grayscale: ; --tw-hue-rotate: ; --tw-invert: ; --tw-saturate: ; --tw-sepia: ; --tw-drop-shadow: ; --tw-backdrop-blur: ; --tw-backdrop-brightness: ; --tw-backdrop-contrast: ; --tw-backdrop-grayscale: ; --tw-backdrop-hue-rotate: ; --tw-backdrop-invert: ; --tw-backdrop-opacity: ; --tw-backdrop-saturate: ; --tw-backdrop-sepia: ; --tw-contain-size: ; --tw-contain-layout: ; --tw-contain-paint: ; --tw-contain-style: ; margin: 1.25em 0px;\">親愛的顧客們，您準備好了嗎？換季大促銷正式開啟！為了迎接新的季節，我們精心準備了一系列優惠和驚喜，讓您的家居生活更加舒適、便捷！</p><p style=\"border: 0px solid rgb(227, 227, 227); --tw-border-spacing-x: 0; --tw-border-spacing-y: 0; --tw-translate-x: 0; --tw-translate-y: 0; --tw-rotate: 0; --tw-skew-x: 0; --tw-skew-y: 0; --tw-scale-x: 1; --tw-scale-y: 1; --tw-pan-x: ; --tw-pan-y: ; --tw-pinch-zoom: ; --tw-scroll-snap-strictness: proximity; --tw-gradient-from-position: ; --tw-gradient-via-position: ; --tw-gradient-to-position: ; --tw-ordinal: ; --tw-slashed-zero: ; --tw-numeric-figure: ; --tw-numeric-spacing: ; --tw-numeric-fraction: ; --tw-ring-inset: ; --tw-ring-offset-width: 0px; --tw-ring-offset-color: #fff; --tw-ring-color: rgba(69,89,164,.5); --tw-ring-offset-shadow: 0 0 transparent; --tw-ring-shadow: 0 0 transparent; --tw-shadow: 0 0 transparent; --tw-shadow-colored: 0 0 transparent; --tw-blur: ; --tw-brightness: ; --tw-contrast: ; --tw-grayscale: ; --tw-hue-rotate: ; --tw-invert: ; --tw-saturate: ; --tw-sepia: ; --tw-drop-shadow: ; --tw-backdrop-blur: ; --tw-backdrop-brightness: ; --tw-backdrop-contrast: ; --tw-backdrop-grayscale: ; --tw-backdrop-hue-rotate: ; --tw-backdrop-invert: ; --tw-backdrop-opacity: ; --tw-backdrop-saturate: ; --tw-backdrop-sepia: ; --tw-contain-size: ; --tw-contain-layout: ; --tw-contain-paint: ; --tw-contain-style: ; margin: 1.25em 0px;\">✨【折扣優惠】：這個季節，我們將各款家電產品優惠至最低價格！從洗衣機到冰箱，從吸塵器到空氣清淨機，所有您所需的家電產品都在這裡！立即行動，享受折扣優惠！</p><p style=\"border: 0px solid rgb(227, 227, 227); --tw-border-spacing-x: 0; --tw-border-spacing-y: 0; --tw-translate-x: 0; --tw-translate-y: 0; --tw-rotate: 0; --tw-skew-x: 0; --tw-skew-y: 0; --tw-scale-x: 1; --tw-scale-y: 1; --tw-pan-x: ; --tw-pan-y: ; --tw-pinch-zoom: ; --tw-scroll-snap-strictness: proximity; --tw-gradient-from-position: ; --tw-gradient-via-position: ; --tw-gradient-to-position: ; --tw-ordinal: ; --tw-slashed-zero: ; --tw-numeric-figure: ; --tw-numeric-spacing: ; --tw-numeric-fraction: ; --tw-ring-inset: ; --tw-ring-offset-width: 0px; --tw-ring-offset-color: #fff; --tw-ring-color: rgba(69,89,164,.5); --tw-ring-offset-shadow: 0 0 transparent; --tw-ring-shadow: 0 0 transparent; --tw-shadow: 0 0 transparent; --tw-shadow-colored: 0 0 transparent; --tw-blur: ; --tw-brightness: ; --tw-contrast: ; --tw-grayscale: ; --tw-hue-rotate: ; --tw-invert: ; --tw-saturate: ; --tw-sepia: ; --tw-drop-shadow: ; --tw-backdrop-blur: ; --tw-backdrop-brightness: ; --tw-backdrop-contrast: ; --tw-backdrop-grayscale: ; --tw-backdrop-hue-rotate: ; --tw-backdrop-invert: ; --tw-backdrop-opacity: ; --tw-backdrop-saturate: ; --tw-backdrop-sepia: ; --tw-contain-size: ; --tw-contain-layout: ; --tw-contain-paint: ; --tw-contain-style: ; margin: 1.25em 0px;\">?【贈品驚喜】：購買指定商品即可獲得豐富的贈品！無論是廚房小家電還是生活用品，我們都為您準備了實用又有趣的贈品，讓您的購物更加超值！</p><p style=\"border: 0px solid rgb(227, 227, 227); --tw-border-spacing-x: 0; --tw-border-spacing-y: 0; --tw-translate-x: 0; --tw-translate-y: 0; --tw-rotate: 0; --tw-skew-x: 0; --tw-skew-y: 0; --tw-scale-x: 1; --tw-scale-y: 1; --tw-pan-x: ; --tw-pan-y: ; --tw-pinch-zoom: ; --tw-scroll-snap-strictness: proximity; --tw-gradient-from-position: ; --tw-gradient-via-position: ; --tw-gradient-to-position: ; --tw-ordinal: ; --tw-slashed-zero: ; --tw-numeric-figure: ; --tw-numeric-spacing: ; --tw-numeric-fraction: ; --tw-ring-inset: ; --tw-ring-offset-width: 0px; --tw-ring-offset-color: #fff; --tw-ring-color: rgba(69,89,164,.5); --tw-ring-offset-shadow: 0 0 transparent; --tw-ring-shadow: 0 0 transparent; --tw-shadow: 0 0 transparent; --tw-shadow-colored: 0 0 transparent; --tw-blur: ; --tw-brightness: ; --tw-contrast: ; --tw-grayscale: ; --tw-hue-rotate: ; --tw-invert: ; --tw-saturate: ; --tw-sepia: ; --tw-drop-shadow: ; --tw-backdrop-blur: ; --tw-backdrop-brightness: ; --tw-backdrop-contrast: ; --tw-backdrop-grayscale: ; --tw-backdrop-hue-rotate: ; --tw-backdrop-invert: ; --tw-backdrop-opacity: ; --tw-backdrop-saturate: ; --tw-backdrop-sepia: ; --tw-contain-size: ; --tw-contain-layout: ; --tw-contain-paint: ; --tw-contain-style: ; margin: 1.25em 0px;\">?【新品推薦】：換季換新品！我們推出了最新款的家電產品，擁有更先進的功能和更時尚的外觀，絕對是您家居生活的不可或缺之選！立即體驗，享受科技帶來的便利！</p><p style=\"border: 0px solid rgb(227, 227, 227); --tw-border-spacing-x: 0; --tw-border-spacing-y: 0; --tw-translate-x: 0; --tw-translate-y: 0; --tw-rotate: 0; --tw-skew-x: 0; --tw-skew-y: 0; --tw-scale-x: 1; --tw-scale-y: 1; --tw-pan-x: ; --tw-pan-y: ; --tw-pinch-zoom: ; --tw-scroll-snap-strictness: proximity; --tw-gradient-from-position: ; --tw-gradient-via-position: ; --tw-gradient-to-position: ; --tw-ordinal: ; --tw-slashed-zero: ; --tw-numeric-figure: ; --tw-numeric-spacing: ; --tw-numeric-fraction: ; --tw-ring-inset: ; --tw-ring-offset-width: 0px; --tw-ring-offset-color: #fff; --tw-ring-color: rgba(69,89,164,.5); --tw-ring-offset-shadow: 0 0 transparent; --tw-ring-shadow: 0 0 transparent; --tw-shadow: 0 0 transparent; --tw-shadow-colored: 0 0 transparent; --tw-blur: ; --tw-brightness: ; --tw-contrast: ; --tw-grayscale: ; --tw-hue-rotate: ; --tw-invert: ; --tw-saturate: ; --tw-sepia: ; --tw-drop-shadow: ; --tw-backdrop-blur: ; --tw-backdrop-brightness: ; --tw-backdrop-contrast: ; --tw-backdrop-grayscale: ; --tw-backdrop-hue-rotate: ; --tw-backdrop-invert: ; --tw-backdrop-opacity: ; --tw-backdrop-saturate: ; --tw-backdrop-sepia: ; --tw-contain-size: ; --tw-contain-layout: ; --tw-contain-paint: ; --tw-contain-style: ; margin: 1.25em 0px;\">?【專屬優惠碼】：為了回饋您的支持，我們特別準備了專屬優惠碼！在結帳時輸入優惠碼，即可額外獲得折扣或贈品，讓您的購物體驗更加美好！</p><p style=\"border: 0px solid rgb(227, 227, 227); --tw-border-spacing-x: 0; --tw-border-spacing-y: 0; --tw-translate-x: 0; --tw-translate-y: 0; --tw-rotate: 0; --tw-skew-x: 0; --tw-skew-y: 0; --tw-scale-x: 1; --tw-scale-y: 1; --tw-pan-x: ; --tw-pan-y: ; --tw-pinch-zoom: ; --tw-scroll-snap-strictness: proximity; --tw-gradient-from-position: ; --tw-gradient-via-position: ; --tw-gradient-to-position: ; --tw-ordinal: ; --tw-slashed-zero: ; --tw-numeric-figure: ; --tw-numeric-spacing: ; --tw-numeric-fraction: ; --tw-ring-inset: ; --tw-ring-offset-width: 0px; --tw-ring-offset-color: #fff; --tw-ring-color: rgba(69,89,164,.5); --tw-ring-offset-shadow: 0 0 transparent; --tw-ring-shadow: 0 0 transparent; --tw-shadow: 0 0 transparent; --tw-shadow-colored: 0 0 transparent; --tw-blur: ; --tw-brightness: ; --tw-contrast: ; --tw-grayscale: ; --tw-hue-rotate: ; --tw-invert: ; --tw-saturate: ; --tw-sepia: ; --tw-drop-shadow: ; --tw-backdrop-blur: ; --tw-backdrop-brightness: ; --tw-backdrop-contrast: ; --tw-backdrop-grayscale: ; --tw-backdrop-hue-rotate: ; --tw-backdrop-invert: ; --tw-backdrop-opacity: ; --tw-backdrop-saturate: ; --tw-backdrop-sepia: ; --tw-contain-size: ; --tw-contain-layout: ; --tw-contain-paint: ; --tw-contain-style: ; margin: 1.25em 0px 0px;\">不容錯過的換季大促銷，只為讓您的家居生活更加舒適、便捷！趕快來店或線上選購，把握機會享受超值優惠吧！感謝您一直以來的支持，讓我們與您一同迎接美好的新季節！ ??</p>',NULL),(16,11,'https://www.bros.com.tw/?gad_source=1&gclid=EAIaIQobChMIvLCDg9fXhQMVgsVMAh21MAE0EAAYAiAAEgJK5_D_BwE','BROS 男裝全新系列上架!','<p style=\"border: 0px solid rgb(227, 227, 227); --tw-border-spacing-x: 0; --tw-border-spacing-y: 0; --tw-translate-x: 0; --tw-translate-y: 0; --tw-rotate: 0; --tw-skew-x: 0; --tw-skew-y: 0; --tw-scale-x: 1; --tw-scale-y: 1; --tw-pan-x: ; --tw-pan-y: ; --tw-pinch-zoom: ; --tw-scroll-snap-strictness: proximity; --tw-gradient-from-position: ; --tw-gradient-via-position: ; --tw-gradient-to-position: ; --tw-ordinal: ; --tw-slashed-zero: ; --tw-numeric-figure: ; --tw-numeric-spacing: ; --tw-numeric-fraction: ; --tw-ring-inset: ; --tw-ring-offset-width: 0px; --tw-ring-offset-color: #fff; --tw-ring-color: rgba(69,89,164,.5); --tw-ring-offset-shadow: 0 0 transparent; --tw-ring-shadow: 0 0 transparent; --tw-shadow: 0 0 transparent; --tw-shadow-colored: 0 0 transparent; --tw-blur: ; --tw-brightness: ; --tw-contrast: ; --tw-grayscale: ; --tw-hue-rotate: ; --tw-invert: ; --tw-saturate: ; --tw-sepia: ; --tw-drop-shadow: ; --tw-backdrop-blur: ; --tw-backdrop-brightness: ; --tw-backdrop-contrast: ; --tw-backdrop-grayscale: ; --tw-backdrop-hue-rotate: ; --tw-backdrop-invert: ; --tw-backdrop-opacity: ; --tw-backdrop-saturate: ; --tw-backdrop-sepia: ; --tw-contain-size: ; --tw-contain-layout: ; --tw-contain-paint: ; --tw-contain-style: ; margin-right: 0px; margin-bottom: 1.25em; margin-left: 0px;\"><img src=\"https://d1l4paive701xn.cloudfront.net/mail_campaigns/ffee98b5-d39f-40c5-89a9-1439e8abe9bd-2960x.webp\" style=\"width: 50%;\"><br></p><p style=\"border: 0px solid rgb(227, 227, 227); --tw-border-spacing-x: 0; --tw-border-spacing-y: 0; --tw-translate-x: 0; --tw-translate-y: 0; --tw-rotate: 0; --tw-skew-x: 0; --tw-skew-y: 0; --tw-scale-x: 1; --tw-scale-y: 1; --tw-pan-x: ; --tw-pan-y: ; --tw-pinch-zoom: ; --tw-scroll-snap-strictness: proximity; --tw-gradient-from-position: ; --tw-gradient-via-position: ; --tw-gradient-to-position: ; --tw-ordinal: ; --tw-slashed-zero: ; --tw-numeric-figure: ; --tw-numeric-spacing: ; --tw-numeric-fraction: ; --tw-ring-inset: ; --tw-ring-offset-width: 0px; --tw-ring-offset-color: #fff; --tw-ring-color: rgba(69,89,164,.5); --tw-ring-offset-shadow: 0 0 transparent; --tw-ring-shadow: 0 0 transparent; --tw-shadow: 0 0 transparent; --tw-shadow-colored: 0 0 transparent; --tw-blur: ; --tw-brightness: ; --tw-contrast: ; --tw-grayscale: ; --tw-hue-rotate: ; --tw-invert: ; --tw-saturate: ; --tw-sepia: ; --tw-drop-shadow: ; --tw-backdrop-blur: ; --tw-backdrop-brightness: ; --tw-backdrop-contrast: ; --tw-backdrop-grayscale: ; --tw-backdrop-hue-rotate: ; --tw-backdrop-invert: ; --tw-backdrop-opacity: ; --tw-backdrop-saturate: ; --tw-backdrop-sepia: ; --tw-contain-size: ; --tw-contain-layout: ; --tw-contain-paint: ; --tw-contain-style: ; margin-right: 0px; margin-bottom: 1.25em; margin-left: 0px;\">? 經典再現，風格無限 ? YAYA</p><p style=\"border: 0px solid rgb(227, 227, 227); --tw-border-spacing-x: 0; --tw-border-spacing-y: 0; --tw-translate-x: 0; --tw-translate-y: 0; --tw-rotate: 0; --tw-skew-x: 0; --tw-skew-y: 0; --tw-scale-x: 1; --tw-scale-y: 1; --tw-pan-x: ; --tw-pan-y: ; --tw-pinch-zoom: ; --tw-scroll-snap-strictness: proximity; --tw-gradient-from-position: ; --tw-gradient-via-position: ; --tw-gradient-to-position: ; --tw-ordinal: ; --tw-slashed-zero: ; --tw-numeric-figure: ; --tw-numeric-spacing: ; --tw-numeric-fraction: ; --tw-ring-inset: ; --tw-ring-offset-width: 0px; --tw-ring-offset-color: #fff; --tw-ring-color: rgba(69,89,164,.5); --tw-ring-offset-shadow: 0 0 transparent; --tw-ring-shadow: 0 0 transparent; --tw-shadow: 0 0 transparent; --tw-shadow-colored: 0 0 transparent; --tw-blur: ; --tw-brightness: ; --tw-contrast: ; --tw-grayscale: ; --tw-hue-rotate: ; --tw-invert: ; --tw-saturate: ; --tw-sepia: ; --tw-drop-shadow: ; --tw-backdrop-blur: ; --tw-backdrop-brightness: ; --tw-backdrop-contrast: ; --tw-backdrop-grayscale: ; --tw-backdrop-hue-rotate: ; --tw-backdrop-invert: ; --tw-backdrop-opacity: ; --tw-backdrop-saturate: ; --tw-backdrop-sepia: ; --tw-contain-size: ; --tw-contain-layout: ; --tw-contain-paint: ; --tw-contain-style: ; margin: 1.25em 0px;\">尊敬的紳士們，時尚不僅是風格，更是一種態度！我們很榮幸地宣布，我們的男裝品牌又推出了一系列的經典之作，將您的風格提升到全新高度！</p><p style=\"border: 0px solid rgb(227, 227, 227); --tw-border-spacing-x: 0; --tw-border-spacing-y: 0; --tw-translate-x: 0; --tw-translate-y: 0; --tw-rotate: 0; --tw-skew-x: 0; --tw-skew-y: 0; --tw-scale-x: 1; --tw-scale-y: 1; --tw-pan-x: ; --tw-pan-y: ; --tw-pinch-zoom: ; --tw-scroll-snap-strictness: proximity; --tw-gradient-from-position: ; --tw-gradient-via-position: ; --tw-gradient-to-position: ; --tw-ordinal: ; --tw-slashed-zero: ; --tw-numeric-figure: ; --tw-numeric-spacing: ; --tw-numeric-fraction: ; --tw-ring-inset: ; --tw-ring-offset-width: 0px; --tw-ring-offset-color: #fff; --tw-ring-color: rgba(69,89,164,.5); --tw-ring-offset-shadow: 0 0 transparent; --tw-ring-shadow: 0 0 transparent; --tw-shadow: 0 0 transparent; --tw-shadow-colored: 0 0 transparent; --tw-blur: ; --tw-brightness: ; --tw-contrast: ; --tw-grayscale: ; --tw-hue-rotate: ; --tw-invert: ; --tw-saturate: ; --tw-sepia: ; --tw-drop-shadow: ; --tw-backdrop-blur: ; --tw-backdrop-brightness: ; --tw-backdrop-contrast: ; --tw-backdrop-grayscale: ; --tw-backdrop-hue-rotate: ; --tw-backdrop-invert: ; --tw-backdrop-opacity: ; --tw-backdrop-saturate: ; --tw-backdrop-sepia: ; --tw-contain-size: ; --tw-contain-layout: ; --tw-contain-paint: ; --tw-contain-style: ; margin: 1.25em 0px;\">✨【時尚新品】：我們帶來了全新的男裝系列，經典與創新的完美融合！無論是商務場合還是休閒時刻，我們的設計師精心打造，為您帶來時尚與品味的完美結合！</p><p style=\"border: 0px solid rgb(227, 227, 227); --tw-border-spacing-x: 0; --tw-border-spacing-y: 0; --tw-translate-x: 0; --tw-translate-y: 0; --tw-rotate: 0; --tw-skew-x: 0; --tw-skew-y: 0; --tw-scale-x: 1; --tw-scale-y: 1; --tw-pan-x: ; --tw-pan-y: ; --tw-pinch-zoom: ; --tw-scroll-snap-strictness: proximity; --tw-gradient-from-position: ; --tw-gradient-via-position: ; --tw-gradient-to-position: ; --tw-ordinal: ; --tw-slashed-zero: ; --tw-numeric-figure: ; --tw-numeric-spacing: ; --tw-numeric-fraction: ; --tw-ring-inset: ; --tw-ring-offset-width: 0px; --tw-ring-offset-color: #fff; --tw-ring-color: rgba(69,89,164,.5); --tw-ring-offset-shadow: 0 0 transparent; --tw-ring-shadow: 0 0 transparent; --tw-shadow: 0 0 transparent; --tw-shadow-colored: 0 0 transparent; --tw-blur: ; --tw-brightness: ; --tw-contrast: ; --tw-grayscale: ; --tw-hue-rotate: ; --tw-invert: ; --tw-saturate: ; --tw-sepia: ; --tw-drop-shadow: ; --tw-backdrop-blur: ; --tw-backdrop-brightness: ; --tw-backdrop-contrast: ; --tw-backdrop-grayscale: ; --tw-backdrop-hue-rotate: ; --tw-backdrop-invert: ; --tw-backdrop-opacity: ; --tw-backdrop-saturate: ; --tw-backdrop-sepia: ; --tw-contain-size: ; --tw-contain-layout: ; --tw-contain-paint: ; --tw-contain-style: ; margin: 1.25em 0px;\">?【精緻工藝】：每一款服裝都經過精心挑選的面料和精湛的製作工藝，保證品質與舒適度兼備。無論您是追求品味還是注重細節，我們都能滿足您的需求！</p><p style=\"border: 0px solid rgb(227, 227, 227); --tw-border-spacing-x: 0; --tw-border-spacing-y: 0; --tw-translate-x: 0; --tw-translate-y: 0; --tw-rotate: 0; --tw-skew-x: 0; --tw-skew-y: 0; --tw-scale-x: 1; --tw-scale-y: 1; --tw-pan-x: ; --tw-pan-y: ; --tw-pinch-zoom: ; --tw-scroll-snap-strictness: proximity; --tw-gradient-from-position: ; --tw-gradient-via-position: ; --tw-gradient-to-position: ; --tw-ordinal: ; --tw-slashed-zero: ; --tw-numeric-figure: ; --tw-numeric-spacing: ; --tw-numeric-fraction: ; --tw-ring-inset: ; --tw-ring-offset-width: 0px; --tw-ring-offset-color: #fff; --tw-ring-color: rgba(69,89,164,.5); --tw-ring-offset-shadow: 0 0 transparent; --tw-ring-shadow: 0 0 transparent; --tw-shadow: 0 0 transparent; --tw-shadow-colored: 0 0 transparent; --tw-blur: ; --tw-brightness: ; --tw-contrast: ; --tw-grayscale: ; --tw-hue-rotate: ; --tw-invert: ; --tw-saturate: ; --tw-sepia: ; --tw-drop-shadow: ; --tw-backdrop-blur: ; --tw-backdrop-brightness: ; --tw-backdrop-contrast: ; --tw-backdrop-grayscale: ; --tw-backdrop-hue-rotate: ; --tw-backdrop-invert: ; --tw-backdrop-opacity: ; --tw-backdrop-saturate: ; --tw-backdrop-sepia: ; --tw-contain-size: ; --tw-contain-layout: ; --tw-contain-paint: ; --tw-contain-style: ; margin: 1.25em 0px;\">?【個性搭配】：我們的男裝系列涵蓋了各種風格和場合的服飾，讓您隨心搭配，展現獨特的個人風格！無論是西裝套裝還是休閒襯衫，都能完美詮釋您的品味與魅力！</p><p style=\"border: 0px solid rgb(227, 227, 227); --tw-border-spacing-x: 0; --tw-border-spacing-y: 0; --tw-translate-x: 0; --tw-translate-y: 0; --tw-rotate: 0; --tw-skew-x: 0; --tw-skew-y: 0; --tw-scale-x: 1; --tw-scale-y: 1; --tw-pan-x: ; --tw-pan-y: ; --tw-pinch-zoom: ; --tw-scroll-snap-strictness: proximity; --tw-gradient-from-position: ; --tw-gradient-via-position: ; --tw-gradient-to-position: ; --tw-ordinal: ; --tw-slashed-zero: ; --tw-numeric-figure: ; --tw-numeric-spacing: ; --tw-numeric-fraction: ; --tw-ring-inset: ; --tw-ring-offset-width: 0px; --tw-ring-offset-color: #fff; --tw-ring-color: rgba(69,89,164,.5); --tw-ring-offset-shadow: 0 0 transparent; --tw-ring-shadow: 0 0 transparent; --tw-shadow: 0 0 transparent; --tw-shadow-colored: 0 0 transparent; --tw-blur: ; --tw-brightness: ; --tw-contrast: ; --tw-grayscale: ; --tw-hue-rotate: ; --tw-invert: ; --tw-saturate: ; --tw-sepia: ; --tw-drop-shadow: ; --tw-backdrop-blur: ; --tw-backdrop-brightness: ; --tw-backdrop-contrast: ; --tw-backdrop-grayscale: ; --tw-backdrop-hue-rotate: ; --tw-backdrop-invert: ; --tw-backdrop-opacity: ; --tw-backdrop-saturate: ; --tw-backdrop-sepia: ; --tw-contain-size: ; --tw-contain-layout: ; --tw-contain-paint: ; --tw-contain-style: ; margin: 1.25em 0px;\">?【完美配件】：配飾是完美造型的關鍵！我們的配飾系列包括領帶、皮帶、袋包等，精緻而實用，為您的造型增添更多亮點！</p><p style=\"border: 0px solid rgb(227, 227, 227); --tw-border-spacing-x: 0; --tw-border-spacing-y: 0; --tw-translate-x: 0; --tw-translate-y: 0; --tw-rotate: 0; --tw-skew-x: 0; --tw-skew-y: 0; --tw-scale-x: 1; --tw-scale-y: 1; --tw-pan-x: ; --tw-pan-y: ; --tw-pinch-zoom: ; --tw-scroll-snap-strictness: proximity; --tw-gradient-from-position: ; --tw-gradient-via-position: ; --tw-gradient-to-position: ; --tw-ordinal: ; --tw-slashed-zero: ; --tw-numeric-figure: ; --tw-numeric-spacing: ; --tw-numeric-fraction: ; --tw-ring-inset: ; --tw-ring-offset-width: 0px; --tw-ring-offset-color: #fff; --tw-ring-color: rgba(69,89,164,.5); --tw-ring-offset-shadow: 0 0 transparent; --tw-ring-shadow: 0 0 transparent; --tw-shadow: 0 0 transparent; --tw-shadow-colored: 0 0 transparent; --tw-blur: ; --tw-brightness: ; --tw-contrast: ; --tw-grayscale: ; --tw-hue-rotate: ; --tw-invert: ; --tw-saturate: ; --tw-sepia: ; --tw-drop-shadow: ; --tw-backdrop-blur: ; --tw-backdrop-brightness: ; --tw-backdrop-contrast: ; --tw-backdrop-grayscale: ; --tw-backdrop-hue-rotate: ; --tw-backdrop-invert: ; --tw-backdrop-opacity: ; --tw-backdrop-saturate: ; --tw-backdrop-sepia: ; --tw-contain-size: ; --tw-contain-layout: ; --tw-contain-paint: ; --tw-contain-style: ; margin: 1.25em 0px;\">?【專屬禮遇】：作為我們的忠實顧客，您將享有專屬禮遇和優惠！我們不僅為您提供高品質的服裝，更希望成為您時尚之路上的好夥伴！</p><p style=\"border: 0px solid rgb(227, 227, 227); --tw-border-spacing-x: 0; --tw-border-spacing-y: 0; --tw-translate-x: 0; --tw-translate-y: 0; --tw-rotate: 0; --tw-skew-x: 0; --tw-skew-y: 0; --tw-scale-x: 1; --tw-scale-y: 1; --tw-pan-x: ; --tw-pan-y: ; --tw-pinch-zoom: ; --tw-scroll-snap-strictness: proximity; --tw-gradient-from-position: ; --tw-gradient-via-position: ; --tw-gradient-to-position: ; --tw-ordinal: ; --tw-slashed-zero: ; --tw-numeric-figure: ; --tw-numeric-spacing: ; --tw-numeric-fraction: ; --tw-ring-inset: ; --tw-ring-offset-width: 0px; --tw-ring-offset-color: #fff; --tw-ring-color: rgba(69,89,164,.5); --tw-ring-offset-shadow: 0 0 transparent; --tw-ring-shadow: 0 0 transparent; --tw-shadow: 0 0 transparent; --tw-shadow-colored: 0 0 transparent; --tw-blur: ; --tw-brightness: ; --tw-contrast: ; --tw-grayscale: ; --tw-hue-rotate: ; --tw-invert: ; --tw-saturate: ; --tw-sepia: ; --tw-drop-shadow: ; --tw-backdrop-blur: ; --tw-backdrop-brightness: ; --tw-backdrop-contrast: ; --tw-backdrop-grayscale: ; --tw-backdrop-hue-rotate: ; --tw-backdrop-invert: ; --tw-backdrop-opacity: ; --tw-backdrop-saturate: ; --tw-backdrop-sepia: ; --tw-contain-size: ; --tw-contain-layout: ; --tw-contain-paint: ; --tw-contain-style: ; margin: 1.25em 0px 0px;\">無論您是追求時尚還是品味，我們都能滿足您的需求！快來品味我們的男裝新品，讓我們一同展現出最獨特的風采！感謝您一直以來的支持，期待與您攜手共創更多時尚傳奇！</p>',NULL),(21,11,'https://www.elisaswonderland.com.tw/product/detail/1405294','歡慶聖誕，豐收優惠盛宴！','<p style=\"border: 0px solid rgb(227, 227, 227); --tw-border-spacing-x: 0; --tw-border-spacing-y: 0; --tw-translate-x: 0; --tw-translate-y: 0; --tw-rotate: 0; --tw-skew-x: 0; --tw-skew-y: 0; --tw-scale-x: 1; --tw-scale-y: 1; --tw-pan-x: ; --tw-pan-y: ; --tw-pinch-zoom: ; --tw-scroll-snap-strictness: proximity; --tw-gradient-from-position: ; --tw-gradient-via-position: ; --tw-gradient-to-position: ; --tw-ordinal: ; --tw-slashed-zero: ; --tw-numeric-figure: ; --tw-numeric-spacing: ; --tw-numeric-fraction: ; --tw-ring-inset: ; --tw-ring-offset-width: 0px; --tw-ring-offset-color: #fff; --tw-ring-color: rgba(69,89,164,.5); --tw-ring-offset-shadow: 0 0 transparent; --tw-ring-shadow: 0 0 transparent; --tw-shadow: 0 0 transparent; --tw-shadow-colored: 0 0 transparent; --tw-blur: ; --tw-brightness: ; --tw-contrast: ; --tw-grayscale: ; --tw-hue-rotate: ; --tw-invert: ; --tw-saturate: ; --tw-sepia: ; --tw-drop-shadow: ; --tw-backdrop-blur: ; --tw-backdrop-brightness: ; --tw-backdrop-contrast: ; --tw-backdrop-grayscale: ; --tw-backdrop-hue-rotate: ; --tw-backdrop-invert: ; --tw-backdrop-opacity: ; --tw-backdrop-saturate: ; --tw-backdrop-sepia: ; --tw-contain-size: ; --tw-contain-layout: ; --tw-contain-paint: ; --tw-contain-style: ; margin-top: 1.25em; margin-bottom: 1.25em;\"><img src=\"https://d1l4paive701xn.cloudfront.net/mail_campaigns/c2ca6192-be5a-4106-bd10-e4451a8dd7b5-526d001cf50395ea13841a26d2ec3c96.jpg\" style=\"width: 600px;\"><br></p><p style=\"border: 0px solid rgb(227, 227, 227); --tw-border-spacing-x: 0; --tw-border-spacing-y: 0; --tw-translate-x: 0; --tw-translate-y: 0; --tw-rotate: 0; --tw-skew-x: 0; --tw-skew-y: 0; --tw-scale-x: 1; --tw-scale-y: 1; --tw-pan-x: ; --tw-pan-y: ; --tw-pinch-zoom: ; --tw-scroll-snap-strictness: proximity; --tw-gradient-from-position: ; --tw-gradient-via-position: ; --tw-gradient-to-position: ; --tw-ordinal: ; --tw-slashed-zero: ; --tw-numeric-figure: ; --tw-numeric-spacing: ; --tw-numeric-fraction: ; --tw-ring-inset: ; --tw-ring-offset-width: 0px; --tw-ring-offset-color: #fff; --tw-ring-color: rgba(69,89,164,.5); --tw-ring-offset-shadow: 0 0 transparent; --tw-ring-shadow: 0 0 transparent; --tw-shadow: 0 0 transparent; --tw-shadow-colored: 0 0 transparent; --tw-blur: ; --tw-brightness: ; --tw-contrast: ; --tw-grayscale: ; --tw-hue-rotate: ; --tw-invert: ; --tw-saturate: ; --tw-sepia: ; --tw-drop-shadow: ; --tw-backdrop-blur: ; --tw-backdrop-brightness: ; --tw-backdrop-contrast: ; --tw-backdrop-grayscale: ; --tw-backdrop-hue-rotate: ; --tw-backdrop-invert: ; --tw-backdrop-opacity: ; --tw-backdrop-saturate: ; --tw-backdrop-sepia: ; --tw-contain-size: ; --tw-contain-layout: ; --tw-contain-paint: ; --tw-contain-style: ; margin-top: 1.25em; margin-bottom: 1.25em;\">親愛的顧客們，\n聖誕佳節將至，滿懷歡欣的時刻又一次來臨了！在這個充滿溫馨和喜悅的季節，我們誠摯地邀請您一起來參與我們精心準備的豐收優惠盛宴，感受無盡的節日驚喜和快樂！</p><p style=\"border: 0px solid rgb(227, 227, 227); --tw-border-spacing-x: 0; --tw-border-spacing-y: 0; --tw-translate-x: 0; --tw-translate-y: 0; --tw-rotate: 0; --tw-skew-x: 0; --tw-skew-y: 0; --tw-scale-x: 1; --tw-scale-y: 1; --tw-pan-x: ; --tw-pan-y: ; --tw-pinch-zoom: ; --tw-scroll-snap-strictness: proximity; --tw-gradient-from-position: ; --tw-gradient-via-position: ; --tw-gradient-to-position: ; --tw-ordinal: ; --tw-slashed-zero: ; --tw-numeric-figure: ; --tw-numeric-spacing: ; --tw-numeric-fraction: ; --tw-ring-inset: ; --tw-ring-offset-width: 0px; --tw-ring-offset-color: #fff; --tw-ring-color: rgba(69,89,164,.5); --tw-ring-offset-shadow: 0 0 transparent; --tw-ring-shadow: 0 0 transparent; --tw-shadow: 0 0 transparent; --tw-shadow-colored: 0 0 transparent; --tw-blur: ; --tw-brightness: ; --tw-contrast: ; --tw-grayscale: ; --tw-hue-rotate: ; --tw-invert: ; --tw-saturate: ; --tw-sepia: ; --tw-drop-shadow: ; --tw-backdrop-blur: ; --tw-backdrop-brightness: ; --tw-backdrop-contrast: ; --tw-backdrop-grayscale: ; --tw-backdrop-hue-rotate: ; --tw-backdrop-invert: ; --tw-backdrop-opacity: ; --tw-backdrop-saturate: ; --tw-backdrop-sepia: ; --tw-contain-size: ; --tw-contain-layout: ; --tw-contain-paint: ; --tw-contain-style: ; margin-top: 1.25em; margin-bottom: 1.25em;\">從溫暖的聖誕裝飾到璀璨的節日禮物，我們精選了各種令人心動的商品，希望能為您和您的家人帶來一個難忘的節日體驗。而為了回饋您一直以來的支持與厚愛，我們特別推出了一系列超值優惠活動：</p><ol style=\"border: 0px solid rgb(227, 227, 227); --tw-border-spacing-x: 0; --tw-border-spacing-y: 0; --tw-translate-x: 0; --tw-translate-y: 0; --tw-rotate: 0; --tw-skew-x: 0; --tw-skew-y: 0; --tw-scale-x: 1; --tw-scale-y: 1; --tw-pan-x: ; --tw-pan-y: ; --tw-pinch-zoom: ; --tw-scroll-snap-strictness: proximity; --tw-gradient-from-position: ; --tw-gradient-via-position: ; --tw-gradient-to-position: ; --tw-ordinal: ; --tw-slashed-zero: ; --tw-numeric-figure: ; --tw-numeric-spacing: ; --tw-numeric-fraction: ; --tw-ring-inset: ; --tw-ring-offset-width: 0px; --tw-ring-offset-color: #fff; --tw-ring-color: rgba(69,89,164,.5); --tw-ring-offset-shadow: 0 0 transparent; --tw-ring-shadow: 0 0 transparent; --tw-shadow: 0 0 transparent; --tw-shadow-colored: 0 0 transparent; --tw-blur: ; --tw-brightness: ; --tw-contrast: ; --tw-grayscale: ; --tw-hue-rotate: ; --tw-invert: ; --tw-saturate: ; --tw-sepia: ; --tw-drop-shadow: ; --tw-backdrop-blur: ; --tw-backdrop-brightness: ; --tw-backdrop-contrast: ; --tw-backdrop-grayscale: ; --tw-backdrop-hue-rotate: ; --tw-backdrop-invert: ; --tw-backdrop-opacity: ; --tw-backdrop-saturate: ; --tw-backdrop-sepia: ; --tw-contain-size: ; --tw-contain-layout: ; --tw-contain-paint: ; --tw-contain-style: ; list-style-position: initial; list-style-image: initial; margin-bottom: 0px; padding-bottom: 1rem;\"><li style=\"border: 0px solid rgb(227, 227, 227); --tw-border-spacing-x: 0; --tw-border-spacing-y: 0; --tw-translate-x: 0; --tw-translate-y: 0; --tw-rotate: 0; --tw-skew-x: 0; --tw-skew-y: 0; --tw-scale-x: 1; --tw-scale-y: 1; --tw-pan-x: ; --tw-pan-y: ; --tw-pinch-zoom: ; --tw-scroll-snap-strictness: proximity; --tw-gradient-from-position: ; --tw-gradient-via-position: ; --tw-gradient-to-position: ; --tw-ordinal: ; --tw-slashed-zero: ; --tw-numeric-figure: ; --tw-numeric-spacing: ; --tw-numeric-fraction: ; --tw-ring-inset: ; --tw-ring-offset-width: 0px; --tw-ring-offset-color: #fff; --tw-ring-color: rgba(69,89,164,.5); --tw-ring-offset-shadow: 0 0 transparent; --tw-ring-shadow: 0 0 transparent; --tw-shadow: 0 0 transparent; --tw-shadow-colored: 0 0 transparent; --tw-blur: ; --tw-brightness: ; --tw-contrast: ; --tw-grayscale: ; --tw-hue-rotate: ; --tw-invert: ; --tw-saturate: ; --tw-sepia: ; --tw-drop-shadow: ; --tw-backdrop-blur: ; --tw-backdrop-brightness: ; --tw-backdrop-contrast: ; --tw-backdrop-grayscale: ; --tw-backdrop-hue-rotate: ; --tw-backdrop-invert: ; --tw-backdrop-opacity: ; --tw-backdrop-saturate: ; --tw-backdrop-sepia: ; --tw-contain-size: ; --tw-contain-layout: ; --tw-contain-paint: ; --tw-contain-style: ; padding-left: 0.375em; list-style-position: inside;\">聖誕限定禮盒：精心打造的禮盒，內含精選商品，讓您輕鬆送出溫暖和祝福。</li><li style=\"border: 0px solid rgb(227, 227, 227); --tw-border-spacing-x: 0; --tw-border-spacing-y: 0; --tw-translate-x: 0; --tw-translate-y: 0; --tw-rotate: 0; --tw-skew-x: 0; --tw-skew-y: 0; --tw-scale-x: 1; --tw-scale-y: 1; --tw-pan-x: ; --tw-pan-y: ; --tw-pinch-zoom: ; --tw-scroll-snap-strictness: proximity; --tw-gradient-from-position: ; --tw-gradient-via-position: ; --tw-gradient-to-position: ; --tw-ordinal: ; --tw-slashed-zero: ; --tw-numeric-figure: ; --tw-numeric-spacing: ; --tw-numeric-fraction: ; --tw-ring-inset: ; --tw-ring-offset-width: 0px; --tw-ring-offset-color: #fff; --tw-ring-color: rgba(69,89,164,.5); --tw-ring-offset-shadow: 0 0 transparent; --tw-ring-shadow: 0 0 transparent; --tw-shadow: 0 0 transparent; --tw-shadow-colored: 0 0 transparent; --tw-blur: ; --tw-brightness: ; --tw-contrast: ; --tw-grayscale: ; --tw-hue-rotate: ; --tw-invert: ; --tw-saturate: ; --tw-sepia: ; --tw-drop-shadow: ; --tw-backdrop-blur: ; --tw-backdrop-brightness: ; --tw-backdrop-contrast: ; --tw-backdrop-grayscale: ; --tw-backdrop-hue-rotate: ; --tw-backdrop-invert: ; --tw-backdrop-opacity: ; --tw-backdrop-saturate: ; --tw-backdrop-sepia: ; --tw-contain-size: ; --tw-contain-layout: ; --tw-contain-paint: ; --tw-contain-style: ; padding-left: 0.375em; list-style-position: inside;\">購物滿額送禮：凡購物滿一定金額，即可獲得限量聖誕小禮物，讓您的節日更加驚喜！</li><li style=\"border: 0px solid rgb(227, 227, 227); --tw-border-spacing-x: 0; --tw-border-spacing-y: 0; --tw-translate-x: 0; --tw-translate-y: 0; --tw-rotate: 0; --tw-skew-x: 0; --tw-skew-y: 0; --tw-scale-x: 1; --tw-scale-y: 1; --tw-pan-x: ; --tw-pan-y: ; --tw-pinch-zoom: ; --tw-scroll-snap-strictness: proximity; --tw-gradient-from-position: ; --tw-gradient-via-position: ; --tw-gradient-to-position: ; --tw-ordinal: ; --tw-slashed-zero: ; --tw-numeric-figure: ; --tw-numeric-spacing: ; --tw-numeric-fraction: ; --tw-ring-inset: ; --tw-ring-offset-width: 0px; --tw-ring-offset-color: #fff; --tw-ring-color: rgba(69,89,164,.5); --tw-ring-offset-shadow: 0 0 transparent; --tw-ring-shadow: 0 0 transparent; --tw-shadow: 0 0 transparent; --tw-shadow-colored: 0 0 transparent; --tw-blur: ; --tw-brightness: ; --tw-contrast: ; --tw-grayscale: ; --tw-hue-rotate: ; --tw-invert: ; --tw-saturate: ; --tw-sepia: ; --tw-drop-shadow: ; --tw-backdrop-blur: ; --tw-backdrop-brightness: ; --tw-backdrop-contrast: ; --tw-backdrop-grayscale: ; --tw-backdrop-hue-rotate: ; --tw-backdrop-invert: ; --tw-backdrop-opacity: ; --tw-backdrop-saturate: ; --tw-backdrop-sepia: ; --tw-contain-size: ; --tw-contain-layout: ; --tw-contain-paint: ; --tw-contain-style: ; padding-left: 0.375em; list-style-position: inside;\">會員尊享折扣：特別為我們的會員準備了專屬優惠，更多驚喜等您來發現！</li></ol><p style=\"border: 0px solid rgb(227, 227, 227); --tw-border-spacing-x: 0; --tw-border-spacing-y: 0; --tw-translate-x: 0; --tw-translate-y: 0; --tw-rotate: 0; --tw-skew-x: 0; --tw-skew-y: 0; --tw-scale-x: 1; --tw-scale-y: 1; --tw-pan-x: ; --tw-pan-y: ; --tw-pinch-zoom: ; --tw-scroll-snap-strictness: proximity; --tw-gradient-from-position: ; --tw-gradient-via-position: ; --tw-gradient-to-position: ; --tw-ordinal: ; --tw-slashed-zero: ; --tw-numeric-figure: ; --tw-numeric-spacing: ; --tw-numeric-fraction: ; --tw-ring-inset: ; --tw-ring-offset-width: 0px; --tw-ring-offset-color: #fff; --tw-ring-color: rgba(69,89,164,.5); --tw-ring-offset-shadow: 0 0 transparent; --tw-ring-shadow: 0 0 transparent; --tw-shadow: 0 0 transparent; --tw-shadow-colored: 0 0 transparent; --tw-blur: ; --tw-brightness: ; --tw-contrast: ; --tw-grayscale: ; --tw-hue-rotate: ; --tw-invert: ; --tw-saturate: ; --tw-sepia: ; --tw-drop-shadow: ; --tw-backdrop-blur: ; --tw-backdrop-brightness: ; --tw-backdrop-contrast: ; --tw-backdrop-grayscale: ; --tw-backdrop-hue-rotate: ; --tw-backdrop-invert: ; --tw-backdrop-opacity: ; --tw-backdrop-saturate: ; --tw-backdrop-sepia: ; --tw-contain-size: ; --tw-contain-layout: ; --tw-contain-paint: ; --tw-contain-style: ; margin-top: 1.25em; margin-bottom: 1.25em;\">無論您是在尋找完美的禮物，還是想要為家人和朋友準備一頓豐盛的節日大餐，我們都將竭誠為您提供最優質的商品和服務，讓您的聖誕節更加溫馨和難忘！</p><p style=\"border: 0px solid rgb(227, 227, 227); --tw-border-spacing-x: 0; --tw-border-spacing-y: 0; --tw-translate-x: 0; --tw-translate-y: 0; --tw-rotate: 0; --tw-skew-x: 0; --tw-skew-y: 0; --tw-scale-x: 1; --tw-scale-y: 1; --tw-pan-x: ; --tw-pan-y: ; --tw-pinch-zoom: ; --tw-scroll-snap-strictness: proximity; --tw-gradient-from-position: ; --tw-gradient-via-position: ; --tw-gradient-to-position: ; --tw-ordinal: ; --tw-slashed-zero: ; --tw-numeric-figure: ; --tw-numeric-spacing: ; --tw-numeric-fraction: ; --tw-ring-inset: ; --tw-ring-offset-width: 0px; --tw-ring-offset-color: #fff; --tw-ring-color: rgba(69,89,164,.5); --tw-ring-offset-shadow: 0 0 transparent; --tw-ring-shadow: 0 0 transparent; --tw-shadow: 0 0 transparent; --tw-shadow-colored: 0 0 transparent; --tw-blur: ; --tw-brightness: ; --tw-contrast: ; --tw-grayscale: ; --tw-hue-rotate: ; --tw-invert: ; --tw-saturate: ; --tw-sepia: ; --tw-drop-shadow: ; --tw-backdrop-blur: ; --tw-backdrop-brightness: ; --tw-backdrop-contrast: ; --tw-backdrop-grayscale: ; --tw-backdrop-hue-rotate: ; --tw-backdrop-invert: ; --tw-backdrop-opacity: ; --tw-backdrop-saturate: ; --tw-backdrop-sepia: ; --tw-contain-size: ; --tw-contain-layout: ; --tw-contain-paint: ; --tw-contain-style: ; margin-top: 1.25em; margin-bottom: 1.25em;\">趕快加入我們，一起在這個美好的季節裡創造美好的回憶吧！祝您和您的家人，節日快樂，聖誕愉快！</p><p style=\"border: 0px solid rgb(227, 227, 227); --tw-border-spacing-x: 0; --tw-border-spacing-y: 0; --tw-translate-x: 0; --tw-translate-y: 0; --tw-rotate: 0; --tw-skew-x: 0; --tw-skew-y: 0; --tw-scale-x: 1; --tw-scale-y: 1; --tw-pan-x: ; --tw-pan-y: ; --tw-pinch-zoom: ; --tw-scroll-snap-strictness: proximity; --tw-gradient-from-position: ; --tw-gradient-via-position: ; --tw-gradient-to-position: ; --tw-ordinal: ; --tw-slashed-zero: ; --tw-numeric-figure: ; --tw-numeric-spacing: ; --tw-numeric-fraction: ; --tw-ring-inset: ; --tw-ring-offset-width: 0px; --tw-ring-offset-color: #fff; --tw-ring-color: rgba(69,89,164,.5); --tw-ring-offset-shadow: 0 0 transparent; --tw-ring-shadow: 0 0 transparent; --tw-shadow: 0 0 transparent; --tw-shadow-colored: 0 0 transparent; --tw-blur: ; --tw-brightness: ; --tw-contrast: ; --tw-grayscale: ; --tw-hue-rotate: ; --tw-invert: ; --tw-saturate: ; --tw-sepia: ; --tw-drop-shadow: ; --tw-backdrop-blur: ; --tw-backdrop-brightness: ; --tw-backdrop-contrast: ; --tw-backdrop-grayscale: ; --tw-backdrop-hue-rotate: ; --tw-backdrop-invert: ; --tw-backdrop-opacity: ; --tw-backdrop-saturate: ; --tw-backdrop-sepia: ; --tw-contain-size: ; --tw-contain-layout: ; --tw-contain-paint: ; --tw-contain-style: ; margin-top: 1.25em; margin-bottom: 0px;\">*優惠活動期間有限，敬請把握機會。</p>',NULL),(22,11,'https://koodata.com/koo-cafe/halloween','萬聖夜，驚喜不斷！','<p><br></p><p style=\"border: 0px solid rgb(227, 227, 227); --tw-border-spacing-x: 0; --tw-border-spacing-y: 0; --tw-translate-x: 0; --tw-translate-y: 0; --tw-rotate: 0; --tw-skew-x: 0; --tw-skew-y: 0; --tw-scale-x: 1; --tw-scale-y: 1; --tw-pan-x: ; --tw-pan-y: ; --tw-pinch-zoom: ; --tw-scroll-snap-strictness: proximity; --tw-gradient-from-position: ; --tw-gradient-via-position: ; --tw-gradient-to-position: ; --tw-ordinal: ; --tw-slashed-zero: ; --tw-numeric-figure: ; --tw-numeric-spacing: ; --tw-numeric-fraction: ; --tw-ring-inset: ; --tw-ring-offset-width: 0px; --tw-ring-offset-color: #fff; --tw-ring-color: rgba(69,89,164,.5); --tw-ring-offset-shadow: 0 0 transparent; --tw-ring-shadow: 0 0 transparent; --tw-shadow: 0 0 transparent; --tw-shadow-colored: 0 0 transparent; --tw-blur: ; --tw-brightness: ; --tw-contrast: ; --tw-grayscale: ; --tw-hue-rotate: ; --tw-invert: ; --tw-saturate: ; --tw-sepia: ; --tw-drop-shadow: ; --tw-backdrop-blur: ; --tw-backdrop-brightness: ; --tw-backdrop-contrast: ; --tw-backdrop-grayscale: ; --tw-backdrop-hue-rotate: ; --tw-backdrop-invert: ; --tw-backdrop-opacity: ; --tw-backdrop-saturate: ; --tw-backdrop-sepia: ; --tw-contain-size: ; --tw-contain-layout: ; --tw-contain-paint: ; --tw-contain-style: ; margin-bottom: 1.25em;\"><img src=\"https://d1l4paive701xn.cloudfront.net/mail_campaigns/7cad85d4-59b5-48f3-a06c-9509ecd86b92-653FCEBF0593F1698680511.jpeg\" style=\"width: 800px;\"><br></p><p style=\"border: 0px solid rgb(227, 227, 227); --tw-border-spacing-x: 0; --tw-border-spacing-y: 0; --tw-translate-x: 0; --tw-translate-y: 0; --tw-rotate: 0; --tw-skew-x: 0; --tw-skew-y: 0; --tw-scale-x: 1; --tw-scale-y: 1; --tw-pan-x: ; --tw-pan-y: ; --tw-pinch-zoom: ; --tw-scroll-snap-strictness: proximity; --tw-gradient-from-position: ; --tw-gradient-via-position: ; --tw-gradient-to-position: ; --tw-ordinal: ; --tw-slashed-zero: ; --tw-numeric-figure: ; --tw-numeric-spacing: ; --tw-numeric-fraction: ; --tw-ring-inset: ; --tw-ring-offset-width: 0px; --tw-ring-offset-color: #fff; --tw-ring-color: rgba(69,89,164,.5); --tw-ring-offset-shadow: 0 0 transparent; --tw-ring-shadow: 0 0 transparent; --tw-shadow: 0 0 transparent; --tw-shadow-colored: 0 0 transparent; --tw-blur: ; --tw-brightness: ; --tw-contrast: ; --tw-grayscale: ; --tw-hue-rotate: ; --tw-invert: ; --tw-saturate: ; --tw-sepia: ; --tw-drop-shadow: ; --tw-backdrop-blur: ; --tw-backdrop-brightness: ; --tw-backdrop-contrast: ; --tw-backdrop-grayscale: ; --tw-backdrop-hue-rotate: ; --tw-backdrop-invert: ; --tw-backdrop-opacity: ; --tw-backdrop-saturate: ; --tw-backdrop-sepia: ; --tw-contain-size: ; --tw-contain-layout: ; --tw-contain-paint: ; --tw-contain-style: ; margin-top: 1.25em; margin-bottom: 1.25em;\">親愛的顧客們，</p><p style=\"border: 0px solid rgb(227, 227, 227); --tw-border-spacing-x: 0; --tw-border-spacing-y: 0; --tw-translate-x: 0; --tw-translate-y: 0; --tw-rotate: 0; --tw-skew-x: 0; --tw-skew-y: 0; --tw-scale-x: 1; --tw-scale-y: 1; --tw-pan-x: ; --tw-pan-y: ; --tw-pinch-zoom: ; --tw-scroll-snap-strictness: proximity; --tw-gradient-from-position: ; --tw-gradient-via-position: ; --tw-gradient-to-position: ; --tw-ordinal: ; --tw-slashed-zero: ; --tw-numeric-figure: ; --tw-numeric-spacing: ; --tw-numeric-fraction: ; --tw-ring-inset: ; --tw-ring-offset-width: 0px; --tw-ring-offset-color: #fff; --tw-ring-color: rgba(69,89,164,.5); --tw-ring-offset-shadow: 0 0 transparent; --tw-ring-shadow: 0 0 transparent; --tw-shadow: 0 0 transparent; --tw-shadow-colored: 0 0 transparent; --tw-blur: ; --tw-brightness: ; --tw-contrast: ; --tw-grayscale: ; --tw-hue-rotate: ; --tw-invert: ; --tw-saturate: ; --tw-sepia: ; --tw-drop-shadow: ; --tw-backdrop-blur: ; --tw-backdrop-brightness: ; --tw-backdrop-contrast: ; --tw-backdrop-grayscale: ; --tw-backdrop-hue-rotate: ; --tw-backdrop-invert: ; --tw-backdrop-opacity: ; --tw-backdrop-saturate: ; --tw-backdrop-sepia: ; --tw-contain-size: ; --tw-contain-layout: ; --tw-contain-paint: ; --tw-contain-style: ; margin-top: 1.25em; margin-bottom: 1.25em;\"><font color=\"#000000\" style=\"background-color: rgb(255, 255, 0);\">萬聖節即將來臨，一個充滿神秘和驚喜的夜晚即將展開！在這個令人興奮的節日季節，我們為您帶來了一場驚艷的萬聖夜優惠盛宴，讓您沉浸在無盡的節日樂趣中！</font></p><p style=\"border: 0px solid rgb(227, 227, 227); --tw-border-spacing-x: 0; --tw-border-spacing-y: 0; --tw-translate-x: 0; --tw-translate-y: 0; --tw-rotate: 0; --tw-skew-x: 0; --tw-skew-y: 0; --tw-scale-x: 1; --tw-scale-y: 1; --tw-pan-x: ; --tw-pan-y: ; --tw-pinch-zoom: ; --tw-scroll-snap-strictness: proximity; --tw-gradient-from-position: ; --tw-gradient-via-position: ; --tw-gradient-to-position: ; --tw-ordinal: ; --tw-slashed-zero: ; --tw-numeric-figure: ; --tw-numeric-spacing: ; --tw-numeric-fraction: ; --tw-ring-inset: ; --tw-ring-offset-width: 0px; --tw-ring-offset-color: #fff; --tw-ring-color: rgba(69,89,164,.5); --tw-ring-offset-shadow: 0 0 transparent; --tw-ring-shadow: 0 0 transparent; --tw-shadow: 0 0 transparent; --tw-shadow-colored: 0 0 transparent; --tw-blur: ; --tw-brightness: ; --tw-contrast: ; --tw-grayscale: ; --tw-hue-rotate: ; --tw-invert: ; --tw-saturate: ; --tw-sepia: ; --tw-drop-shadow: ; --tw-backdrop-blur: ; --tw-backdrop-brightness: ; --tw-backdrop-contrast: ; --tw-backdrop-grayscale: ; --tw-backdrop-hue-rotate: ; --tw-backdrop-invert: ; --tw-backdrop-opacity: ; --tw-backdrop-saturate: ; --tw-backdrop-sepia: ; --tw-contain-size: ; --tw-contain-layout: ; --tw-contain-paint: ; --tw-contain-style: ; margin-top: 1.25em; margin-bottom: 1.25em;\">從經典的萬聖節服裝到令人毛骨悚然的裝飾，我們悉心挑選了各種引人入勝的商品，讓您在這個特殊的夜晚散發出獨特的魅力。為了讓您感受到我們的誠意和感激，我們準備了以下精彩活動：</p><ol style=\"border: 0px solid rgb(227, 227, 227); --tw-border-spacing-x: 0; --tw-border-spacing-y: 0; --tw-translate-x: 0; --tw-translate-y: 0; --tw-rotate: 0; --tw-skew-x: 0; --tw-skew-y: 0; --tw-scale-x: 1; --tw-scale-y: 1; --tw-pan-x: ; --tw-pan-y: ; --tw-pinch-zoom: ; --tw-scroll-snap-strictness: proximity; --tw-gradient-from-position: ; --tw-gradient-via-position: ; --tw-gradient-to-position: ; --tw-ordinal: ; --tw-slashed-zero: ; --tw-numeric-figure: ; --tw-numeric-spacing: ; --tw-numeric-fraction: ; --tw-ring-inset: ; --tw-ring-offset-width: 0px; --tw-ring-offset-color: #fff; --tw-ring-color: rgba(69,89,164,.5); --tw-ring-offset-shadow: 0 0 transparent; --tw-ring-shadow: 0 0 transparent; --tw-shadow: 0 0 transparent; --tw-shadow-colored: 0 0 transparent; --tw-blur: ; --tw-brightness: ; --tw-contrast: ; --tw-grayscale: ; --tw-hue-rotate: ; --tw-invert: ; --tw-saturate: ; --tw-sepia: ; --tw-drop-shadow: ; --tw-backdrop-blur: ; --tw-backdrop-brightness: ; --tw-backdrop-contrast: ; --tw-backdrop-grayscale: ; --tw-backdrop-hue-rotate: ; --tw-backdrop-invert: ; --tw-backdrop-opacity: ; --tw-backdrop-saturate: ; --tw-backdrop-sepia: ; --tw-contain-size: ; --tw-contain-layout: ; --tw-contain-paint: ; --tw-contain-style: ; list-style-position: initial; list-style-image: initial; margin-bottom: 0px; padding-bottom: 1rem;\"><li style=\"border: 0px solid rgb(227, 227, 227); --tw-border-spacing-x: 0; --tw-border-spacing-y: 0; --tw-translate-x: 0; --tw-translate-y: 0; --tw-rotate: 0; --tw-skew-x: 0; --tw-skew-y: 0; --tw-scale-x: 1; --tw-scale-y: 1; --tw-pan-x: ; --tw-pan-y: ; --tw-pinch-zoom: ; --tw-scroll-snap-strictness: proximity; --tw-gradient-from-position: ; --tw-gradient-via-position: ; --tw-gradient-to-position: ; --tw-ordinal: ; --tw-slashed-zero: ; --tw-numeric-figure: ; --tw-numeric-spacing: ; --tw-numeric-fraction: ; --tw-ring-inset: ; --tw-ring-offset-width: 0px; --tw-ring-offset-color: #fff; --tw-ring-color: rgba(69,89,164,.5); --tw-ring-offset-shadow: 0 0 transparent; --tw-ring-shadow: 0 0 transparent; --tw-shadow: 0 0 transparent; --tw-shadow-colored: 0 0 transparent; --tw-blur: ; --tw-brightness: ; --tw-contrast: ; --tw-grayscale: ; --tw-hue-rotate: ; --tw-invert: ; --tw-saturate: ; --tw-sepia: ; --tw-drop-shadow: ; --tw-backdrop-blur: ; --tw-backdrop-brightness: ; --tw-backdrop-contrast: ; --tw-backdrop-grayscale: ; --tw-backdrop-hue-rotate: ; --tw-backdrop-invert: ; --tw-backdrop-opacity: ; --tw-backdrop-saturate: ; --tw-backdrop-sepia: ; --tw-contain-size: ; --tw-contain-layout: ; --tw-contain-paint: ; --tw-contain-style: ; padding-left: 0.375em; list-style-position: inside;\">恐怖大銷售：恐怖主題商品狂降價，絕對讓您感受到驚喜與實惠！</li><li style=\"border: 0px solid rgb(227, 227, 227); --tw-border-spacing-x: 0; --tw-border-spacing-y: 0; --tw-translate-x: 0; --tw-translate-y: 0; --tw-rotate: 0; --tw-skew-x: 0; --tw-skew-y: 0; --tw-scale-x: 1; --tw-scale-y: 1; --tw-pan-x: ; --tw-pan-y: ; --tw-pinch-zoom: ; --tw-scroll-snap-strictness: proximity; --tw-gradient-from-position: ; --tw-gradient-via-position: ; --tw-gradient-to-position: ; --tw-ordinal: ; --tw-slashed-zero: ; --tw-numeric-figure: ; --tw-numeric-spacing: ; --tw-numeric-fraction: ; --tw-ring-inset: ; --tw-ring-offset-width: 0px; --tw-ring-offset-color: #fff; --tw-ring-color: rgba(69,89,164,.5); --tw-ring-offset-shadow: 0 0 transparent; --tw-ring-shadow: 0 0 transparent; --tw-shadow: 0 0 transparent; --tw-shadow-colored: 0 0 transparent; --tw-blur: ; --tw-brightness: ; --tw-contrast: ; --tw-grayscale: ; --tw-hue-rotate: ; --tw-invert: ; --tw-saturate: ; --tw-sepia: ; --tw-drop-shadow: ; --tw-backdrop-blur: ; --tw-backdrop-brightness: ; --tw-backdrop-contrast: ; --tw-backdrop-grayscale: ; --tw-backdrop-hue-rotate: ; --tw-backdrop-invert: ; --tw-backdrop-opacity: ; --tw-backdrop-saturate: ; --tw-backdrop-sepia: ; --tw-contain-size: ; --tw-contain-layout: ; --tw-contain-paint: ; --tw-contain-style: ; padding-left: 0.375em; list-style-position: inside;\">萬聖特惠組合：我們精心設計了多款萬聖節限定組合，讓您輕鬆打造獨特的節日氛圍。</li><li style=\"border: 0px solid rgb(227, 227, 227); --tw-border-spacing-x: 0; --tw-border-spacing-y: 0; --tw-translate-x: 0; --tw-translate-y: 0; --tw-rotate: 0; --tw-skew-x: 0; --tw-skew-y: 0; --tw-scale-x: 1; --tw-scale-y: 1; --tw-pan-x: ; --tw-pan-y: ; --tw-pinch-zoom: ; --tw-scroll-snap-strictness: proximity; --tw-gradient-from-position: ; --tw-gradient-via-position: ; --tw-gradient-to-position: ; --tw-ordinal: ; --tw-slashed-zero: ; --tw-numeric-figure: ; --tw-numeric-spacing: ; --tw-numeric-fraction: ; --tw-ring-inset: ; --tw-ring-offset-width: 0px; --tw-ring-offset-color: #fff; --tw-ring-color: rgba(69,89,164,.5); --tw-ring-offset-shadow: 0 0 transparent; --tw-ring-shadow: 0 0 transparent; --tw-shadow: 0 0 transparent; --tw-shadow-colored: 0 0 transparent; --tw-blur: ; --tw-brightness: ; --tw-contrast: ; --tw-grayscale: ; --tw-hue-rotate: ; --tw-invert: ; --tw-saturate: ; --tw-sepia: ; --tw-drop-shadow: ; --tw-backdrop-blur: ; --tw-backdrop-brightness: ; --tw-backdrop-contrast: ; --tw-backdrop-grayscale: ; --tw-backdrop-hue-rotate: ; --tw-backdrop-invert: ; --tw-backdrop-opacity: ; --tw-backdrop-saturate: ; --tw-backdrop-sepia: ; --tw-contain-size: ; --tw-contain-layout: ; --tw-contain-paint: ; --tw-contain-style: ; padding-left: 0.375em; list-style-position: inside;\">猜猜猜活動：購物即有機會參與「猜猜猜」活動，獲得神秘大獎，驚喜連連！</li></ol><p style=\"border: 0px solid rgb(227, 227, 227); --tw-border-spacing-x: 0; --tw-border-spacing-y: 0; --tw-translate-x: 0; --tw-translate-y: 0; --tw-rotate: 0; --tw-skew-x: 0; --tw-skew-y: 0; --tw-scale-x: 1; --tw-scale-y: 1; --tw-pan-x: ; --tw-pan-y: ; --tw-pinch-zoom: ; --tw-scroll-snap-strictness: proximity; --tw-gradient-from-position: ; --tw-gradient-via-position: ; --tw-gradient-to-position: ; --tw-ordinal: ; --tw-slashed-zero: ; --tw-numeric-figure: ; --tw-numeric-spacing: ; --tw-numeric-fraction: ; --tw-ring-inset: ; --tw-ring-offset-width: 0px; --tw-ring-offset-color: #fff; --tw-ring-color: rgba(69,89,164,.5); --tw-ring-offset-shadow: 0 0 transparent; --tw-ring-shadow: 0 0 transparent; --tw-shadow: 0 0 transparent; --tw-shadow-colored: 0 0 transparent; --tw-blur: ; --tw-brightness: ; --tw-contrast: ; --tw-grayscale: ; --tw-hue-rotate: ; --tw-invert: ; --tw-saturate: ; --tw-sepia: ; --tw-drop-shadow: ; --tw-backdrop-blur: ; --tw-backdrop-brightness: ; --tw-backdrop-contrast: ; --tw-backdrop-grayscale: ; --tw-backdrop-hue-rotate: ; --tw-backdrop-invert: ; --tw-backdrop-opacity: ; --tw-backdrop-saturate: ; --tw-backdrop-sepia: ; --tw-contain-size: ; --tw-contain-layout: ; --tw-contain-paint: ; --tw-contain-style: ; margin-top: 1.25em; margin-bottom: 1.25em;\">無論您是準備參加派對，還是期待與家人一起度過這個特別的夜晚，我們都將為您提供最具創意和驚喜的商品和服務，讓您的萬聖節變得更加精彩和難忘！</p><p style=\"border: 0px solid rgb(227, 227, 227); --tw-border-spacing-x: 0; --tw-border-spacing-y: 0; --tw-translate-x: 0; --tw-translate-y: 0; --tw-rotate: 0; --tw-skew-x: 0; --tw-skew-y: 0; --tw-scale-x: 1; --tw-scale-y: 1; --tw-pan-x: ; --tw-pan-y: ; --tw-pinch-zoom: ; --tw-scroll-snap-strictness: proximity; --tw-gradient-from-position: ; --tw-gradient-via-position: ; --tw-gradient-to-position: ; --tw-ordinal: ; --tw-slashed-zero: ; --tw-numeric-figure: ; --tw-numeric-spacing: ; --tw-numeric-fraction: ; --tw-ring-inset: ; --tw-ring-offset-width: 0px; --tw-ring-offset-color: #fff; --tw-ring-color: rgba(69,89,164,.5); --tw-ring-offset-shadow: 0 0 transparent; --tw-ring-shadow: 0 0 transparent; --tw-shadow: 0 0 transparent; --tw-shadow-colored: 0 0 transparent; --tw-blur: ; --tw-brightness: ; --tw-contrast: ; --tw-grayscale: ; --tw-hue-rotate: ; --tw-invert: ; --tw-saturate: ; --tw-sepia: ; --tw-drop-shadow: ; --tw-backdrop-blur: ; --tw-backdrop-brightness: ; --tw-backdrop-contrast: ; --tw-backdrop-grayscale: ; --tw-backdrop-hue-rotate: ; --tw-backdrop-invert: ; --tw-backdrop-opacity: ; --tw-backdrop-saturate: ; --tw-backdrop-sepia: ; --tw-contain-size: ; --tw-contain-layout: ; --tw-contain-paint: ; --tw-contain-style: ; margin-top: 1.25em; margin-bottom: 1.25em;\">快來加入我們，一起在這個神秘的夜晚中創造屬於自己的恐怖故事吧！祝您和您的家人，萬聖節快樂，驚喜不斷！</p><p style=\"border: 0px solid rgb(227, 227, 227); --tw-border-spacing-x: 0; --tw-border-spacing-y: 0; --tw-translate-x: 0; --tw-translate-y: 0; --tw-rotate: 0; --tw-skew-x: 0; --tw-skew-y: 0; --tw-scale-x: 1; --tw-scale-y: 1; --tw-pan-x: ; --tw-pan-y: ; --tw-pinch-zoom: ; --tw-scroll-snap-strictness: proximity; --tw-gradient-from-position: ; --tw-gradient-via-position: ; --tw-gradient-to-position: ; --tw-ordinal: ; --tw-slashed-zero: ; --tw-numeric-figure: ; --tw-numeric-spacing: ; --tw-numeric-fraction: ; --tw-ring-inset: ; --tw-ring-offset-width: 0px; --tw-ring-offset-color: #fff; --tw-ring-color: rgba(69,89,164,.5); --tw-ring-offset-shadow: 0 0 transparent; --tw-ring-shadow: 0 0 transparent; --tw-shadow: 0 0 transparent; --tw-shadow-colored: 0 0 transparent; --tw-blur: ; --tw-brightness: ; --tw-contrast: ; --tw-grayscale: ; --tw-hue-rotate: ; --tw-invert: ; --tw-saturate: ; --tw-sepia: ; --tw-drop-shadow: ; --tw-backdrop-blur: ; --tw-backdrop-brightness: ; --tw-backdrop-contrast: ; --tw-backdrop-grayscale: ; --tw-backdrop-hue-rotate: ; --tw-backdrop-invert: ; --tw-backdrop-opacity: ; --tw-backdrop-saturate: ; --tw-backdrop-sepia: ; --tw-contain-size: ; --tw-contain-layout: ; --tw-contain-paint: ; --tw-contain-style: ; margin-top: 1.25em; margin-bottom: 0px;\">*活動期間有限，請抓緊機會。</p>',NULL),(24,11,'https://kmcake.tw/index.php?route=extension/blog/blog&blog_id=47','慶祝中秋，共賞明月','<p><span style=\"font-size: 1rem;\">慶祝中秋，共賞明月！讓我們一同在這團圓的時刻，品味美好的時光，分享幸福的笑容。中秋節，團圓月圓，家家戶戶共同慶祝，月色優美，情意濃濃。在這個特別的節日裡，讓我們一起與家人朋友團聚，品嚐美味的月餅，賞月傳情，共度美好時光。無論身在何處，中秋的祝福都溫暖您的心房，願您與家人共度一個溫馨愉快的中秋佳節！</span><br></p>',NULL),(25,11,'https://www.momoshop.com.tw/main/Main.jsp','智慧消費，從這裡開始！','<p><span style=\"font-size: 1rem;\">在這個瞬息萬變的數位時代，智慧消費已經成為一種生活方式。</span><br></p><p>我們的網路商城為您提供了無數的選擇，從時尚潮流到生活家居，從科技新品到健康美容，每一款商品都經過精挑細選，以滿足您對品質與品味的追求。無論您身在何處，只需輕輕點擊，即可享受到智慧消費的樂趣。讓我們一同尋找您心儀的寶藏，開啟智慧消費之旅。<br></p>',NULL),(26,11,'https://www.pinkoi.com/','品味生活，從網路商城出發！','<p><img src=\"https://d1l4paive701xn.cloudfront.net/mail_campaigns/19f93f50-826c-429b-a9be-5af4ef55ac39-og_image.png\" style=\"width: 50%;\"><br></p><p><font color=\"#000000\" style=\"background-color: rgb(255, 255, 0);\">生活就像一杯精心調製的咖啡，需要用心品味。</font></p><p>在我們的網路商城中，您將發現與眾不同的商品與生活方式，每一件商品都承載著設計師的匠心之作。</p><p>每一個品牌都蘊含著獨特的故事與價值。從時尚穿搭到居家擺設，從美食烹飪到健康保健，我們的商城滿足您對品味生活的無限渴望。讓我們一起探索，品味生活的無盡可能。<br></p>',NULL),(30,11,'https://www.woky.com.tw/pages/mothersday?utm_source=google&utm_medium=cpc&utm_campaign=Pmax01_官網銷售_新客_恰恰鍋&gad_source=1&gclid=CjwKCAjwouexBhAuEiwAtW_Zxxp2VCJ8_mn-752FpnedWjmOH6ufMXsg41S9RNnkredijgAkUjyWdxoCku0QAvD_BwE','獻上母愛，感恩母親節！','<p><img src=\"https://d1l4paive701xn.cloudfront.net/mail_campaigns/69dd1c39-09c1-4ae4-bb52-b3a5073d778e-istockphoto-1447105417-612x612.jpg\" style=\"font-size: 1rem; width: 612px;\"></p><p><br></p><p><font color=\"#000000\" style=\"background-color: rgb(255, 255, 0);\"><b>母親佳節愉快!</b></font></p><div><div><div><div>慶祝母親節，尊敬無私的母親！在這個特別的日子裡，讓我們一同向我們的女英雄獻上最深情的祝福和感激之情。為了讓母親節更加難忘，我們準備了一系列溫馨動人的禮物，讓您的媽媽感受到您的愛戴。</div><div>無論是花束、精美的珠寶、溫暖的毛毯還是親手製作的手工禮物，我們的母親節專區應有盡有，總有一份禮物能夠打動您媽媽的心。在這個特殊的節日裡，讓我們幫您實現對母親的感激之情，讓她感受到您無盡的愛意！</div><div><br></div><div>即刻前往我們的電商平台，為您的母親挑選一份最溫暖的禮物，讓這個母親節成為她一生難忘的回憶！</div></div><div><br></div></div></div><div><br></div><div><br></div><p><br></p>',NULL),(33,16,'543536','456','<p>45435</p>',NULL),(36,19,'https://sharewords.org/','sharewords','<p>sharewords<img src=\"https://d1l4paive701xn.cloudfront.net/mail_campaigns/91bb0a35-ba3d-4d22-92d1-1b65f8fd2369-collobrate.png\" style=\"width: 1024px;\"></p><p><br></p>',NULL),(38,20,'5116511515','testingh','<ul><li><img src=\"https://img.ltn.com.tw/Upload/ent/page/800/2023/05/12/phpGtYPnw.jpg\" style=\"width: 800px;\"><span style=\"color: rgb(13, 13, 13); font-family: Söhne, ui-sans-serif, system-ui, -apple-system, &quot;Segoe UI&quot;, Roboto, Ubuntu, Cantarell, &quot;Noto Sans&quot;, sans-serif, &quot;Helvetica Neue&quot;, Arial, &quot;Apple Color Emoji&quot;, &quot;Segoe UI Emoji&quot;, &quot;Segoe UI Symbol&quot;, &quot;Noto Color Emoji&quot;; white-space-collapse: preserve;\"><br></span></li></ul><p><span style=\"color: rgb(13, 13, 13); font-family: Söhne, ui-sans-serif, system-ui, -apple-system, &quot;Segoe UI&quot;, Roboto, Ubuntu, Cantarell, &quot;Noto Sans&quot;, sans-serif, &quot;Helvetica Neue&quot;, Arial, &quot;Apple Color Emoji&quot;, &quot;Segoe UI Emoji&quot;, &quot;Segoe UI Symbol&quot;, &quot;Noto Color Emoji&quot;; white-space-collapse: preserve;\"><br></span></p><p><span style=\"color: rgb(13, 13, 13); font-family: Söhne, ui-sans-serif, system-ui, -apple-system, &quot;Segoe UI&quot;, Roboto, Ubuntu, Cantarell, &quot;Noto Sans&quot;, sans-serif, &quot;Helvetica Neue&quot;, Arial, &quot;Apple Color Emoji&quot;, &quot;Segoe UI Emoji&quot;, &quot;Segoe UI Symbol&quot;, &quot;Noto Color Emoji&quot;; white-space-collapse: preserve; font-size: 1rem;\">當母親節來臨時，我們向這個世界上最重要的人之一致敬：媽媽。她們是我們生命中的明亮之星，是無私奉獻的象徵，是給予無限愛的源泉。在這個特別的日子裡，讓我們把她們的辛勤工作和無私奉獻刻在心中，感激她們所做的一切。母親節是一個美好的機會，讓我們表達我們對媽媽的愛戴之情，讓我們用最真摯的心，對她們說一聲：「謝謝你，媽媽，你是我們生命中最珍貴的禮物。」讓我們一起用溫暖和關愛，讓她們感受到我們的愛意，因為在這個世界上，沒有任何一個擁抱比媽媽的擁抱更溫柔，沒有任何一種愛比媽媽的愛更真摯。祝所有的媽媽們母親節快樂！</span><br></p>',NULL),(40,20,'b54bn54rnb','f4345v1e34615v','<p>regbt45nbre4n</p>',NULL),(41,20,'vewvsd','amdiocsm','<p>evwevwe</p>',NULL),(53,11,'https://www.bluebirdtravel.com.tw/pages/festival?gad_source=1&gclid=EAIaIQobChMIqoKL3vyJhgMVahl7Bx0UVwZiEAAYASAAEgJ30PD_BwE','?慶端午、享美好！ ?','<p><img src=\"https://d1l4paive701xn.cloudfront.net/mail_campaigns/b5ac78f3-948b-43b1-b3ec-43a7d3dbbb72-1296x.webp\" style=\"width: 50%;\"></p><p><span style=\"font-size: 21.16px;\">端午佳節，情暖香甜。讓我們一起踏入美味的世界，品味那端午的濃情蜜意！</span></p><p><span style=\"font-size: 21.16px;\"><br></span></p><p><span style=\"font-size: 21.16px;\">? 用心編織，溫暖相伴：滿滿的粽子，蘊含了濃濃的情意；端午糕點，是時光的美好回憶。</span></p><p><span style=\"font-size: 21.16px;\"><br></span></p><p><span style=\"font-size: 21.16px;\">? 讓我們一同分享端午的喜悅，傳遞著溫馨與關懷，讓每一份美味都成為愛與感恩的結晶。</span></p><p><span style=\"font-size: 21.16px;\"><br></span></p><p><span style=\"font-size: 21.16px;\">? 歡樂共聚，禮餅相伴，讓我們一同共度溫馨又美味的端午節！</span></p><p><span style=\"font-size: 21.16px;\"><br></span></p><p><span style=\"font-size: 21.16px;\">現在就來品味端午的美好，感受節日的溫馨與喜悅！?</span></p>',NULL);
/*!40000 ALTER TABLE `template` ENABLE KEYS */;
UNLOCK TABLES;
SET @@SESSION.SQL_LOG_BIN = @MYSQLDUMP_TEMP_LOG_BIN;
/*!40103 SET TIME_ZONE=@OLD_TIME_ZONE */;

/*!40101 SET SQL_MODE=@OLD_SQL_MODE */;
/*!40014 SET FOREIGN_KEY_CHECKS=@OLD_FOREIGN_KEY_CHECKS */;
/*!40014 SET UNIQUE_CHECKS=@OLD_UNIQUE_CHECKS */;
/*!40101 SET CHARACTER_SET_CLIENT=@OLD_CHARACTER_SET_CLIENT */;
/*!40101 SET CHARACTER_SET_RESULTS=@OLD_CHARACTER_SET_RESULTS */;
/*!40101 SET COLLATION_CONNECTION=@OLD_COLLATION_CONNECTION */;
/*!40111 SET SQL_NOTES=@OLD_SQL_NOTES */;

-- Dump completed on 2024-05-16 14:15:13
